INFO buildroot.py:667:  Mock Version: 6.6
DEBUG file_util.py:18:  ensuring that dir exists: /srv/build-node/mock/085d950e3ee68860fb377cce1c22e8c40243da338f2fd4534e4765cbf1c696d9.0
DEBUG file_util.py:18:  ensuring that dir exists: /srv/build-node/mock/085d950e3ee68860fb377cce1c22e8c40243da338f2fd4534e4765cbf1c696d9.0/root
DEBUG file_util.py:21:  created dir: /srv/build-node/mock/085d950e3ee68860fb377cce1c22e8c40243da338f2fd4534e4765cbf1c696d9.0/root
DEBUG file_util.py:18:  ensuring that dir exists: /srv/build-node/worker-2690056/5M98O/rpm_result
INFO buildroot.py:318:  calling preinit hooks
DEBUG file_util.py:18:  ensuring that dir exists: /srv/build-node/mock_cache/085d950e3ee68860fb377cce1c22e8c40243da338f2fd4534e4765cbf1c696d9.0/root_cache/
DEBUG file_util.py:18:  ensuring that dir exists: /srv/build-node/mock/085d950e3ee68860fb377cce1c22e8c40243da338f2fd4534e4765cbf1c696d9.0/root
DEBUG util.py:634:  child environment: None
DEBUG util.py:556:  Executing command: ['/bin/tar', '--use-compress-program', 'pigz', '-xf', '/srv/build-node/mock_cache/085d950e3ee68860fb377cce1c22e8c40243da338f2fd4534e4765cbf1c696d9.0/root_cache/cache.tar.gz', '-C', '/srv/build-node/mock/085d950e3ee68860fb377cce1c22e8c40243da338f2fd4534e4765cbf1c696d9.0/root'] with env {'TERM': 'vt100', 'SHELL': '/bin/sh', 'HOME': '/builddir', 'HOSTNAME': 'mock', 'PATH': '/usr/bin:/bin:/usr/sbin:/sbin', 'LANG': 'C.UTF-8'} and shell False
DEBUG util.py:608:  Child return code was: 0
DEBUG file_util.py:18:  ensuring that dir exists: /srv/build-node/mock/085d950e3ee68860fb377cce1c22e8c40243da338f2fd4534e4765cbf1c696d9.0/root/./proc
DEBUG file_util.py:21:  created dir: /srv/build-node/mock/085d950e3ee68860fb377cce1c22e8c40243da338f2fd4534e4765cbf1c696d9.0/root/./proc
DEBUG file_util.py:18:  ensuring that dir exists: /srv/build-node/mock/085d950e3ee68860fb377cce1c22e8c40243da338f2fd4534e4765cbf1c696d9.0/root/./sys
DEBUG file_util.py:21:  created dir: /srv/build-node/mock/085d950e3ee68860fb377cce1c22e8c40243da338f2fd4534e4765cbf1c696d9.0/root/./sys
DEBUG file_util.py:18:  ensuring that dir exists: /srv/build-node/mock/085d950e3ee68860fb377cce1c22e8c40243da338f2fd4534e4765cbf1c696d9.0/root/./dev
DEBUG file_util.py:21:  created dir: /srv/build-node/mock/085d950e3ee68860fb377cce1c22e8c40243da338f2fd4534e4765cbf1c696d9.0/root/./dev
DEBUG file_util.py:18:  ensuring that dir exists: /srv/build-node/mock/085d950e3ee68860fb377cce1c22e8c40243da338f2fd4534e4765cbf1c696d9.0/root/./tmp/ccache
DEBUG file_util.py:21:  created dir: /srv/build-node/mock/085d950e3ee68860fb377cce1c22e8c40243da338f2fd4534e4765cbf1c696d9.0/root/./tmp/ccache
DEBUG file_util.py:18:  ensuring that dir exists: /srv/build-node/mock/085d950e3ee68860fb377cce1c22e8c40243da338f2fd4534e4765cbf1c696d9.0/root/./var/cache/yum
DEBUG file_util.py:21:  created dir: /srv/build-node/mock/085d950e3ee68860fb377cce1c22e8c40243da338f2fd4534e4765cbf1c696d9.0/root/./var/cache/yum
DEBUG file_util.py:18:  ensuring that dir exists: /srv/build-node/mock/085d950e3ee68860fb377cce1c22e8c40243da338f2fd4534e4765cbf1c696d9.0/root/./var/cache/dnf
DEBUG file_util.py:21:  created dir: /srv/build-node/mock/085d950e3ee68860fb377cce1c22e8c40243da338f2fd4534e4765cbf1c696d9.0/root/./var/cache/dnf
DEBUG file_util.py:18:  ensuring that dir exists: /srv/build-node/mock/085d950e3ee68860fb377cce1c22e8c40243da338f2fd4534e4765cbf1c696d9.0/root/./var/log
DEBUG file_util.py:21:  created dir: /srv/build-node/mock/085d950e3ee68860fb377cce1c22e8c40243da338f2fd4534e4765cbf1c696d9.0/root/./var/log
DEBUG file_util.py:18:  ensuring that dir exists: /srv/build-node/mock_cache/085d950e3ee68860fb377cce1c22e8c40243da338f2fd4534e4765cbf1c696d9.0/yum_cache
DEBUG file_util.py:18:  ensuring that dir exists: /srv/build-node/mock_cache/085d950e3ee68860fb377cce1c22e8c40243da338f2fd4534e4765cbf1c696d9.0/dnf_cache
DEBUG util.py:634:  child environment: None
DEBUG util.py:556:  Executing command: ['/usr/bin/lscpu'] with env {'TERM': 'vt100', 'SHELL': '/bin/sh', 'HOME': '/builddir', 'HOSTNAME': 'mock', 'PATH': '/usr/bin:/bin:/usr/sbin:/sbin', 'LANG': 'C.UTF-8'} and shell False
DEBUG util.py:461:  Architecture:        x86_64
DEBUG util.py:461:  CPU op-mode(s):      32-bit, 64-bit
DEBUG util.py:461:  Byte Order:          Little Endian
DEBUG util.py:461:  CPU(s):              24
DEBUG util.py:461:  On-line CPU(s) list: 0-23
DEBUG util.py:461:  Thread(s) per core:  1
DEBUG util.py:461:  Core(s) per socket:  1
DEBUG util.py:461:  Socket(s):           24
DEBUG util.py:461:  NUMA node(s):        1
DEBUG util.py:461:  Vendor ID:           AuthenticAMD
DEBUG util.py:461:  CPU family:          23
DEBUG util.py:461:  Model:               49
DEBUG util.py:461:  Model name:          AMD EPYC 7662 64-Core Processor
DEBUG util.py:461:  Stepping:            0
DEBUG util.py:461:  CPU MHz:             2000.000
DEBUG util.py:461:  BogoMIPS:            4000.00
DEBUG util.py:461:  Virtualization:      AMD-V
DEBUG util.py:461:  Hypervisor vendor:   KVM
DEBUG util.py:461:  Virtualization type: full
DEBUG util.py:461:  L1d cache:           64K
DEBUG util.py:461:  L1i cache:           64K
DEBUG util.py:461:  L2 cache:            512K
DEBUG util.py:461:  L3 cache:            16384K
DEBUG util.py:461:  NUMA node0 CPU(s):   0-23
DEBUG util.py:461:  Flags:               fpu vme de pse tsc msr pae mce cx8 apic sep mtrr pge mca cmov pat pse36 clflush mmx fxsr sse sse2 syscall nx mmxext fxsr_opt pdpe1gb rdtscp lm rep_good nopl cpuid extd_apicid tsc_known_freq pni pclmulqdq ssse3 fma cx16 sse4_1 sse4_2 x2apic movbe popcnt tsc_deadline_timer aes xsave avx f16c rdrand hypervisor lahf_lm cmp_legacy svm cr8_legacy abm sse4a misalignsse 3dnowprefetch osvw perfctr_core ssbd ibrs ibpb stibp vmmcall fsgsbase tsc_adjust bmi1 avx2 smep bmi2 rdseed adx smap clflushopt clwb sha_ni xsaveopt xsavec xgetbv1 xsaves clzero xsaveerptr wbnoinvd arat npt lbrv nrip_save tsc_scale vmcb_clean v_vmsave_vmload umip rdpid arch_capabilities
DEBUG util.py:608:  Child return code was: 0
DEBUG util.py:634:  child environment: None
DEBUG util.py:556:  Executing command: ['/bin/free', '--human'] with env {'TERM': 'vt100', 'SHELL': '/bin/sh', 'HOME': '/builddir', 'HOSTNAME': 'mock', 'PATH': '/usr/bin:/bin:/usr/sbin:/sbin', 'LANG': 'C.UTF-8'} and shell False
DEBUG util.py:461:                total        used        free      shared  buff/cache   available
DEBUG util.py:461:  Mem:           62Gi       1.4Gi        45Gi       1.5Gi        16Gi        59Gi
DEBUG util.py:461:  Swap:            0B          0B          0B
DEBUG util.py:608:  Child return code was: 0
DEBUG util.py:634:  child environment: None
DEBUG util.py:556:  Executing command: ['/bin/df', '-H', '-T', '/srv/build-node/mock/085d950e3ee68860fb377cce1c22e8c40243da338f2fd4534e4765cbf1c696d9.0/root', '/srv/build-node/mock_cache'] with env {'TERM': 'vt100', 'SHELL': '/bin/sh', 'HOME': '/builddir', 'HOSTNAME': 'mock', 'PATH': '/usr/bin:/bin:/usr/sbin:/sbin', 'LANG': 'C.UTF-8'} and shell False
DEBUG util.py:461:  Filesystem     Type  Size  Used Avail Use% Mounted on
DEBUG util.py:461:  /dev/vda1      ext4  423G  150G  256G  37% /
DEBUG util.py:461:  /dev/vda1      ext4  423G  150G  256G  37% /
DEBUG util.py:608:  Child return code was: 0
DEBUG buildroot.py:723:  create skeleton dirs
DEBUG file_util.py:18:  ensuring that dir exists: /srv/build-node/mock/085d950e3ee68860fb377cce1c22e8c40243da338f2fd4534e4765cbf1c696d9.0/root/var/lib/rpm
DEBUG file_util.py:18:  ensuring that dir exists: /srv/build-node/mock/085d950e3ee68860fb377cce1c22e8c40243da338f2fd4534e4765cbf1c696d9.0/root/var/lib/yum
DEBUG file_util.py:18:  ensuring that dir exists: /srv/build-node/mock/085d950e3ee68860fb377cce1c22e8c40243da338f2fd4534e4765cbf1c696d9.0/root/var/lib/dbus
DEBUG file_util.py:18:  ensuring that dir exists: /srv/build-node/mock/085d950e3ee68860fb377cce1c22e8c40243da338f2fd4534e4765cbf1c696d9.0/root/var/log
DEBUG file_util.py:18:  ensuring that dir exists: /srv/build-node/mock/085d950e3ee68860fb377cce1c22e8c40243da338f2fd4534e4765cbf1c696d9.0/root/var/cache/dnf
DEBUG file_util.py:18:  ensuring that dir exists: /srv/build-node/mock/085d950e3ee68860fb377cce1c22e8c40243da338f2fd4534e4765cbf1c696d9.0/root/var/cache/yum
DEBUG file_util.py:18:  ensuring that dir exists: /srv/build-node/mock/085d950e3ee68860fb377cce1c22e8c40243da338f2fd4534e4765cbf1c696d9.0/root/etc/rpm
DEBUG file_util.py:18:  ensuring that dir exists: /srv/build-node/mock/085d950e3ee68860fb377cce1c22e8c40243da338f2fd4534e4765cbf1c696d9.0/root/tmp
DEBUG file_util.py:18:  ensuring that dir exists: /srv/build-node/mock/085d950e3ee68860fb377cce1c22e8c40243da338f2fd4534e4765cbf1c696d9.0/root/tmp/ccache
DEBUG file_util.py:18:  ensuring that dir exists: /srv/build-node/mock/085d950e3ee68860fb377cce1c22e8c40243da338f2fd4534e4765cbf1c696d9.0/root/var/tmp
DEBUG file_util.py:18:  ensuring that dir exists: /srv/build-node/mock/085d950e3ee68860fb377cce1c22e8c40243da338f2fd4534e4765cbf1c696d9.0/root/etc/dnf
DEBUG file_util.py:18:  ensuring that dir exists: /srv/build-node/mock/085d950e3ee68860fb377cce1c22e8c40243da338f2fd4534e4765cbf1c696d9.0/root/etc/dnf/vars
DEBUG file_util.py:18:  ensuring that dir exists: /srv/build-node/mock/085d950e3ee68860fb377cce1c22e8c40243da338f2fd4534e4765cbf1c696d9.0/root/etc/yum.repos.d
DEBUG file_util.py:18:  ensuring that dir exists: /srv/build-node/mock/085d950e3ee68860fb377cce1c22e8c40243da338f2fd4534e4765cbf1c696d9.0/root/etc/yum
DEBUG file_util.py:18:  ensuring that dir exists: /srv/build-node/mock/085d950e3ee68860fb377cce1c22e8c40243da338f2fd4534e4765cbf1c696d9.0/root/proc
DEBUG file_util.py:18:  ensuring that dir exists: /srv/build-node/mock/085d950e3ee68860fb377cce1c22e8c40243da338f2fd4534e4765cbf1c696d9.0/root/sys
DEBUG file_util.py:18:  ensuring that dir exists: /srv/build-node/mock/085d950e3ee68860fb377cce1c22e8c40243da338f2fd4534e4765cbf1c696d9.0/root/dev/pts
DEBUG file_util.py:21:  created dir: /srv/build-node/mock/085d950e3ee68860fb377cce1c22e8c40243da338f2fd4534e4765cbf1c696d9.0/root/dev/pts
DEBUG file_util.py:18:  ensuring that dir exists: /srv/build-node/mock/085d950e3ee68860fb377cce1c22e8c40243da338f2fd4534e4765cbf1c696d9.0/root/dev/shm
DEBUG file_util.py:21:  created dir: /srv/build-node/mock/085d950e3ee68860fb377cce1c22e8c40243da338f2fd4534e4765cbf1c696d9.0/root/dev/shm
DEBUG file_util.py:18:  ensuring that dir exists: /srv/build-node/mock/085d950e3ee68860fb377cce1c22e8c40243da338f2fd4534e4765cbf1c696d9.0/root/dev/mapper
DEBUG file_util.py:21:  created dir: /srv/build-node/mock/085d950e3ee68860fb377cce1c22e8c40243da338f2fd4534e4765cbf1c696d9.0/root/dev/mapper
DEBUG buildroot.py:867:  kernel version == 4.18.0-553.117.1.el8_10.x86_64
DEBUG file_util.py:30:  touching file: /srv/build-node/mock/085d950e3ee68860fb377cce1c22e8c40243da338f2fd4534e4765cbf1c696d9.0/root/etc/fstab
DEBUG file_util.py:30:  touching file: /srv/build-node/mock/085d950e3ee68860fb377cce1c22e8c40243da338f2fd4534e4765cbf1c696d9.0/root/etc/yum/yum.conf
DEBUG file_util.py:30:  touching file: /srv/build-node/mock/085d950e3ee68860fb377cce1c22e8c40243da338f2fd4534e4765cbf1c696d9.0/root/etc/dnf/dnf.conf
DEBUG file_util.py:30:  touching file: /srv/build-node/mock/085d950e3ee68860fb377cce1c22e8c40243da338f2fd4534e4765cbf1c696d9.0/root/var/log/yum.log
DEBUG buildroot.py:332:  rootdir = /srv/build-node/mock/085d950e3ee68860fb377cce1c22e8c40243da338f2fd4534e4765cbf1c696d9.0/root
DEBUG buildroot.py:333:  resultdir = /srv/build-node/worker-2690056/5M98O/rpm_result
DEBUG package_manager.py:63:  searching for 'dnf4' package manager or alternatives
INFO buildroot.py:182:  Package manager dnf4 detected and used (fallback)
DEBUG file_util.py:18:  ensuring that dir exists: /srv/build-node/mock/085d950e3ee68860fb377cce1c22e8c40243da338f2fd4534e4765cbf1c696d9.0/root/etc/pki/mock
DEBUG package_manager.py:404:  copying CA trust dir into chroot: /etc/pki/ca-trust => /etc/pki/ca-trust
DEBUG file_util.py:158:  Updating files in /srv/build-node/mock/085d950e3ee68860fb377cce1c22e8c40243da338f2fd4534e4765cbf1c696d9.0/root/etc/pki/ca-trust with files from /etc/pki/ca-trust
DEBUG file_util.py:18:  ensuring that dir exists: /srv/build-node/mock/085d950e3ee68860fb377cce1c22e8c40243da338f2fd4534e4765cbf1c696d9.0/root/etc/pki/ca-trust
DEBUG file_util.py:18:  ensuring that dir exists: /srv/build-node/mock/085d950e3ee68860fb377cce1c22e8c40243da338f2fd4534e4765cbf1c696d9.0/root/etc/pki/ca-trust/./extracted
DEBUG file_util.py:18:  ensuring that dir exists: /srv/build-node/mock/085d950e3ee68860fb377cce1c22e8c40243da338f2fd4534e4765cbf1c696d9.0/root/etc/pki/ca-trust/./source
DEBUG file_util.py:18:  ensuring that dir exists: /srv/build-node/mock/085d950e3ee68860fb377cce1c22e8c40243da338f2fd4534e4765cbf1c696d9.0/root/etc/pki/ca-trust/extracted/pem
DEBUG file_util.py:18:  ensuring that dir exists: /srv/build-node/mock/085d950e3ee68860fb377cce1c22e8c40243da338f2fd4534e4765cbf1c696d9.0/root/etc/pki/ca-trust/extracted/openssl
DEBUG file_util.py:18:  ensuring that dir exists: /srv/build-node/mock/085d950e3ee68860fb377cce1c22e8c40243da338f2fd4534e4765cbf1c696d9.0/root/etc/pki/ca-trust/extracted/java
DEBUG file_util.py:18:  ensuring that dir exists: /srv/build-node/mock/085d950e3ee68860fb377cce1c22e8c40243da338f2fd4534e4765cbf1c696d9.0/root/etc/pki/ca-trust/extracted/edk2
DEBUG file_util.py:18:  ensuring that dir exists: /srv/build-node/mock/085d950e3ee68860fb377cce1c22e8c40243da338f2fd4534e4765cbf1c696d9.0/root/etc/pki/ca-trust/source/blacklist
DEBUG file_util.py:18:  ensuring that dir exists: /srv/build-node/mock/085d950e3ee68860fb377cce1c22e8c40243da338f2fd4534e4765cbf1c696d9.0/root/etc/pki/ca-trust/source/anchors
DEBUG package_manager.py:404:  copying CA trust dir into chroot: /usr/share/pki/ca-trust-source => /usr/share/pki/ca-trust-source
DEBUG file_util.py:158:  Updating files in /srv/build-node/mock/085d950e3ee68860fb377cce1c22e8c40243da338f2fd4534e4765cbf1c696d9.0/root/usr/share/pki/ca-trust-source with files from /usr/share/pki/ca-trust-source
DEBUG file_util.py:18:  ensuring that dir exists: /srv/build-node/mock/085d950e3ee68860fb377cce1c22e8c40243da338f2fd4534e4765cbf1c696d9.0/root/usr/share/pki/ca-trust-source
DEBUG file_util.py:18:  ensuring that dir exists: /srv/build-node/mock/085d950e3ee68860fb377cce1c22e8c40243da338f2fd4534e4765cbf1c696d9.0/root/usr/share/pki/ca-trust-source/./blacklist
DEBUG file_util.py:18:  ensuring that dir exists: /srv/build-node/mock/085d950e3ee68860fb377cce1c22e8c40243da338f2fd4534e4765cbf1c696d9.0/root/usr/share/pki/ca-trust-source/./anchors
DEBUG file_util.py:18:  ensuring that dir exists: /srv/build-node/mock/085d950e3ee68860fb377cce1c22e8c40243da338f2fd4534e4765cbf1c696d9.0/root/etc/dnf
DEBUG package_manager.py:691:  configure DNF vars
DEBUG file_util.py:18:  ensuring that dir exists: /srv/build-node/mock/085d950e3ee68860fb377cce1c22e8c40243da338f2fd4534e4765cbf1c696d9.0/root/proc
DEBUG util.py:634:  child environment: None
DEBUG util.py:556:  Executing command: ['/bin/mount', '-n', '-t', 'tmpfs', '-o', 'rprivate,mode=0755', 'tmpfs', '/srv/build-node/mock/085d950e3ee68860fb377cce1c22e8c40243da338f2fd4534e4765cbf1c696d9.0/root/proc'] with env {'TERM': 'vt100', 'SHELL': '/bin/sh', 'HOME': '/builddir', 'HOSTNAME': 'mock', 'PATH': '/usr/bin:/bin:/usr/sbin:/sbin', 'LANG': 'C.UTF-8'} and shell False
DEBUG util.py:608:  Child return code was: 0
DEBUG file_util.py:18:  ensuring that dir exists: /srv/build-node/mock/085d950e3ee68860fb377cce1c22e8c40243da338f2fd4534e4765cbf1c696d9.0/root/proc
DEBUG util.py:634:  child environment: None
DEBUG util.py:556:  Executing command: ['/bin/mount', '-n', '-o', 'rbind', '/proc', '/srv/build-node/mock/085d950e3ee68860fb377cce1c22e8c40243da338f2fd4534e4765cbf1c696d9.0/root/proc'] with env {'TERM': 'vt100', 'SHELL': '/bin/sh', 'HOME': '/builddir', 'HOSTNAME': 'mock', 'PATH': '/usr/bin:/bin:/usr/sbin:/sbin', 'LANG': 'C.UTF-8'} and shell False
DEBUG util.py:608:  Child return code was: 0
DEBUG util.py:634:  child environment: None
DEBUG util.py:556:  Executing command: ['/bin/mount', '-n', '-o', 'remount,nodev,noexec,nosuid,readonly,rprivate,rbind', '--target', '/srv/build-node/mock/085d950e3ee68860fb377cce1c22e8c40243da338f2fd4534e4765cbf1c696d9.0/root/proc'] with env {'TERM': 'vt100', 'SHELL': '/bin/sh', 'HOME': '/builddir', 'HOSTNAME': 'mock', 'PATH': '/usr/bin:/bin:/usr/sbin:/sbin', 'LANG': 'C.UTF-8'} and shell False
DEBUG util.py:608:  Child return code was: 0
DEBUG file_util.py:18:  ensuring that dir exists: /srv/build-node/mock/085d950e3ee68860fb377cce1c22e8c40243da338f2fd4534e4765cbf1c696d9.0/root/sys
DEBUG util.py:634:  child environment: None
DEBUG util.py:556:  Executing command: ['/bin/mount', '-n', '-t', 'tmpfs', '-o', 'rprivate,mode=0755', 'tmpfs', '/srv/build-node/mock/085d950e3ee68860fb377cce1c22e8c40243da338f2fd4534e4765cbf1c696d9.0/root/sys'] with env {'TERM': 'vt100', 'SHELL': '/bin/sh', 'HOME': '/builddir', 'HOSTNAME': 'mock', 'PATH': '/usr/bin:/bin:/usr/sbin:/sbin', 'LANG': 'C.UTF-8'} and shell False
DEBUG util.py:608:  Child return code was: 0
DEBUG file_util.py:18:  ensuring that dir exists: /srv/build-node/mock/085d950e3ee68860fb377cce1c22e8c40243da338f2fd4534e4765cbf1c696d9.0/root/sys
DEBUG util.py:634:  child environment: None
DEBUG util.py:556:  Executing command: ['/bin/mount', '-n', '-o', 'rbind', '/sys', '/srv/build-node/mock/085d950e3ee68860fb377cce1c22e8c40243da338f2fd4534e4765cbf1c696d9.0/root/sys'] with env {'TERM': 'vt100', 'SHELL': '/bin/sh', 'HOME': '/builddir', 'HOSTNAME': 'mock', 'PATH': '/usr/bin:/bin:/usr/sbin:/sbin', 'LANG': 'C.UTF-8'} and shell False
DEBUG util.py:608:  Child return code was: 0
DEBUG util.py:634:  child environment: None
DEBUG util.py:556:  Executing command: ['/bin/mount', '-n', '-o', 'remount,nodev,noexec,nosuid,readonly,rprivate,rbind', '--target', '/srv/build-node/mock/085d950e3ee68860fb377cce1c22e8c40243da338f2fd4534e4765cbf1c696d9.0/root/sys'] with env {'TERM': 'vt100', 'SHELL': '/bin/sh', 'HOME': '/builddir', 'HOSTNAME': 'mock', 'PATH': '/usr/bin:/bin:/usr/sbin:/sbin', 'LANG': 'C.UTF-8'} and shell False
DEBUG util.py:608:  Child return code was: 0
DEBUG file_util.py:18:  ensuring that dir exists: /srv/build-node/mock/085d950e3ee68860fb377cce1c22e8c40243da338f2fd4534e4765cbf1c696d9.0/root/dev/shm
DEBUG util.py:634:  child environment: None
DEBUG util.py:556:  Executing command: ['/bin/mount', '-n', '-t', 'tmpfs', 'tmpfs', '/srv/build-node/mock/085d950e3ee68860fb377cce1c22e8c40243da338f2fd4534e4765cbf1c696d9.0/root/dev/shm'] with env {'TERM': 'vt100', 'SHELL': '/bin/sh', 'HOME': '/builddir', 'HOSTNAME': 'mock', 'PATH': '/usr/bin:/bin:/usr/sbin:/sbin', 'LANG': 'C.UTF-8'} and shell False
DEBUG util.py:608:  Child return code was: 0
DEBUG file_util.py:18:  ensuring that dir exists: /srv/build-node/mock/085d950e3ee68860fb377cce1c22e8c40243da338f2fd4534e4765cbf1c696d9.0/root/dev/pts
DEBUG util.py:634:  child environment: None
DEBUG util.py:556:  Executing command: ['/bin/mount', '-n', '-t', 'devpts', '-o', 'gid=5,mode=0620,ptmxmode=0666,newinstance', 'devpts', '/srv/build-node/mock/085d950e3ee68860fb377cce1c22e8c40243da338f2fd4534e4765cbf1c696d9.0/root/dev/pts'] with env {'TERM': 'vt100', 'SHELL': '/bin/sh', 'HOME': '/builddir', 'HOSTNAME': 'mock', 'PATH': '/usr/bin:/bin:/usr/sbin:/sbin', 'LANG': 'C.UTF-8'} and shell False
DEBUG util.py:608:  Child return code was: 0
DEBUG util.py:634:  child environment: None
DEBUG util.py:556:  Executing command: ['/bin/mount', '-n', '-o', 'bind', '/tmp/mock-selinux-plugin.0mt15t2w', '/srv/build-node/mock/085d950e3ee68860fb377cce1c22e8c40243da338f2fd4534e4765cbf1c696d9.0/root/proc/filesystems'] with env {'TERM': 'vt100', 'SHELL': '/bin/sh', 'HOME': '/builddir', 'HOSTNAME': 'mock', 'PATH': '/usr/bin:/bin:/usr/sbin:/sbin', 'LANG': 'C.UTF-8'} and shell False
DEBUG util.py:608:  Child return code was: 0
DEBUG file_util.py:18:  ensuring that dir exists: /srv/build-node/mock/085d950e3ee68860fb377cce1c22e8c40243da338f2fd4534e4765cbf1c696d9.0/root/sys/fs/selinux
DEBUG util.py:634:  child environment: None
DEBUG util.py:556:  Executing command: ['/bin/mount', '-n', '-t', 'tmpfs', 'tmpfs', '/srv/build-node/mock/085d950e3ee68860fb377cce1c22e8c40243da338f2fd4534e4765cbf1c696d9.0/root/sys/fs/selinux'] with env {'TERM': 'vt100', 'SHELL': '/bin/sh', 'HOME': '/builddir', 'HOSTNAME': 'mock', 'PATH': '/usr/bin:/bin:/usr/sbin:/sbin', 'LANG': 'C.UTF-8'} and shell False
DEBUG util.py:608:  Child return code was: 0
DEBUG file_util.py:18:  ensuring that dir exists: /srv/build-node/mock/085d950e3ee68860fb377cce1c22e8c40243da338f2fd4534e4765cbf1c696d9.0/root/var/cache/yum
DEBUG util.py:634:  child environment: None
DEBUG util.py:556:  Executing command: ['/bin/mount', '-n', '-o', 'bind', '/srv/build-node/mock_cache/085d950e3ee68860fb377cce1c22e8c40243da338f2fd4534e4765cbf1c696d9.0/yum_cache', '/srv/build-node/mock/085d950e3ee68860fb377cce1c22e8c40243da338f2fd4534e4765cbf1c696d9.0/root/var/cache/yum'] with env {'TERM': 'vt100', 'SHELL': '/bin/sh', 'HOME': '/builddir', 'HOSTNAME': 'mock', 'PATH': '/usr/bin:/bin:/usr/sbin:/sbin', 'LANG': 'C.UTF-8'} and shell False
DEBUG util.py:608:  Child return code was: 0
DEBUG file_util.py:18:  ensuring that dir exists: /srv/build-node/mock/085d950e3ee68860fb377cce1c22e8c40243da338f2fd4534e4765cbf1c696d9.0/root/var/cache/dnf
DEBUG util.py:634:  child environment: None
DEBUG util.py:556:  Executing command: ['/bin/mount', '-n', '-o', 'bind', '/srv/build-node/mock_cache/085d950e3ee68860fb377cce1c22e8c40243da338f2fd4534e4765cbf1c696d9.0/dnf_cache', '/srv/build-node/mock/085d950e3ee68860fb377cce1c22e8c40243da338f2fd4534e4765cbf1c696d9.0/root/var/cache/dnf'] with env {'TERM': 'vt100', 'SHELL': '/bin/sh', 'HOME': '/builddir', 'HOSTNAME': 'mock', 'PATH': '/usr/bin:/bin:/usr/sbin:/sbin', 'LANG': 'C.UTF-8'} and shell False
DEBUG util.py:608:  Child return code was: 0
DEBUG file_util.py:18:  ensuring that dir exists: /srv/build-node/mock/085d950e3ee68860fb377cce1c22e8c40243da338f2fd4534e4765cbf1c696d9.0/root/etc
DEBUG file_util.py:18:  ensuring that dir exists: /srv/build-node/mock/085d950e3ee68860fb377cce1c22e8c40243da338f2fd4534e4765cbf1c696d9.0/root/etc
DEBUG util.py:634:  child environment: None
DEBUG util.py:556:  Executing command: ['rpm', '-q', 'rpm', 'rpm-sequoia', 'python3-dnf', 'python3-dnf-plugins-core', 'yum', 'yum-utils', 'dnf5', 'dnf5-plugins'] with env {'TERM': 'vt100', 'SHELL': '/bin/sh', 'HOME': '/builddir', 'HOSTNAME': 'mock', 'PATH': '/usr/bin:/bin:/usr/sbin:/sbin', 'LANG': 'C.UTF-8'} and shell False
DEBUG util.py:461:  rpm-4.14.3-32.el8_10.x86_64
DEBUG util.py:461:  package rpm-sequoia is not installed
DEBUG util.py:461:  python3-dnf-4.7.0-21.el8_10.alma.1.noarch
DEBUG util.py:461:  python3-dnf-plugins-core-4.0.21-25.el8.noarch
DEBUG util.py:461:  yum-4.7.0-21.el8_10.alma.1.noarch
DEBUG util.py:461:  yum-utils-4.0.21-25.el8.noarch
DEBUG util.py:461:  package dnf5 is not installed
DEBUG util.py:461:  package dnf5-plugins is not installed
DEBUG util.py:608:  Child return code was: 3
INFO package_manager.py:201:  Buildroot is handled by package management from host and used with --installroot:
  rpm-4.14.3-32.el8_10.x86_64
  python3-dnf-4.7.0-21.el8_10.alma.1.noarch
  python3-dnf-plugins-core-4.0.21-25.el8.noarch
  yum-4.7.0-21.el8_10.alma.1.noarch
  yum-utils-4.0.21-25.el8.noarch
DEBUG util.py:634:  child environment: None
DEBUG util.py:556:  Executing command: ['/bin/rpm', '-qa', '--root', '/srv/build-node/mock/085d950e3ee68860fb377cce1c22e8c40243da338f2fd4534e4765cbf1c696d9.0/root'] with env {'TERM': 'vt100', 'SHELL': '/bin/sh', 'HOME': '/builddir', 'HOSTNAME': 'mock', 'PATH': '/usr/bin:/bin:/usr/sbin:/sbin', 'LANG': 'C.UTF-8'} and shell False
DEBUG util.py:461:  ghc-srpm-macros-1.4.2-7.el8.noarch
DEBUG util.py:461:  crypto-policies-20230731-1.git3177e06.el8.noarch
DEBUG util.py:461:  cmake-filesystem-3.26.5-2.el8.x86_64
DEBUG util.py:461:  tzdata-2026b-1.el8.noarch
DEBUG util.py:461:  rpm-build-4.14.3-32.el8_10.x86_64
DEBUG util.py:461:  python3-pip-wheel-9.0.3-24.el8.noarch
DEBUG util.py:461:  kernel-rpm-macros-131-1.el8.cloudlinux.noarch
DEBUG util.py:461:  python3-rpm-macros-3-45.el8.noarch
DEBUG util.py:461:  scl-utils-2.0.2-16.el8.x86_64
DEBUG util.py:461:  publicsuffix-list-dafsa-20180723-1.el8.noarch
DEBUG util.py:461:  gcc-c++-8.5.0-28.el8_10.alma.1.x86_64
DEBUG util.py:461:  ncurses-base-6.1-10.20180224.el8.noarch
DEBUG util.py:461:  make-4.2.1-11.el8.x86_64
DEBUG util.py:461:  cloudlinux-release-8.10-14.el8.x86_64
DEBUG util.py:461:  filesystem-3.8-6.el8.x86_64
DEBUG util.py:461:  ncurses-libs-6.1-10.20180224.el8.x86_64
DEBUG util.py:461:  bash-4.4.20-6.el8_10.x86_64
DEBUG util.py:461:  glibc-gconv-extra-2.28-251.el8_10.37.x86_64
DEBUG util.py:461:  glibc-2.28-251.el8_10.37.x86_64
DEBUG util.py:461:  zlib-1.2.11-25.el8.x86_64
DEBUG util.py:461:  xz-libs-5.2.4-4.el8_6.x86_64
DEBUG util.py:461:  libstdc++-8.5.0-28.el8_10.alma.1.x86_64
DEBUG util.py:461:  gmp-6.1.2-11.el8.x86_64
DEBUG util.py:461:  libgpg-error-1.31-1.el8.x86_64
DEBUG util.py:461:  libzstd-1.4.4-1.el8.x86_64
DEBUG util.py:461:  libxml2-2.9.7-21.el8_10.4.x86_64
DEBUG util.py:461:  popt-1.18-1.el8.x86_64
DEBUG util.py:461:  readline-7.0-10.el8.x86_64
DEBUG util.py:461:  libuuid-2.32.1-48.el8_10.x86_64
DEBUG util.py:461:  file-libs-5.33-27.el8_10.x86_64
DEBUG util.py:461:  libacl-2.2.53-3.el8.x86_64
DEBUG util.py:461:  lua-libs-5.3.4-12.el8.x86_64
DEBUG util.py:461:  libidn2-2.2.0-1.el8.x86_64
DEBUG util.py:461:  json-c-0.13.1-3.el8.x86_64
DEBUG util.py:461:  p11-kit-0.23.22-2.el8.x86_64
DEBUG util.py:461:  libmpc-1.1.0-9.1.el8.x86_64
DEBUG util.py:461:  findutils-4.6.0-24.el8_10.x86_64
DEBUG util.py:461:  libcap-ng-0.7.11-1.el8.x86_64
DEBUG util.py:461:  lz4-libs-1.8.3-5.el8_10.x86_64
DEBUG util.py:461:  file-5.33-27.el8_10.x86_64
DEBUG util.py:461:  unzip-6.0-48.el8_10.x86_64
DEBUG util.py:461:  glibc-headers-2.28-251.el8_10.37.x86_64
DEBUG util.py:461:  libtasn1-4.13-5.el8_10.x86_64
DEBUG util.py:461:  ncurses-6.1-10.20180224.el8.x86_64
DEBUG util.py:461:  grep-3.1-6.el8.x86_64
DEBUG util.py:461:  zip-3.0-23.el8.x86_64
DEBUG util.py:461:  cpp-8.5.0-28.el8_10.alma.1.x86_64
DEBUG util.py:461:  libpsl-0.20.2-6.el8.x86_64
DEBUG util.py:461:  tar-1.30-11.el8_10.x86_64
DEBUG util.py:461:  libcomps-0.1.18-1.el8.x86_64
DEBUG util.py:461:  iso-codes-3.79-2.el8.noarch
DEBUG util.py:461:  libksba-1.3.5-9.el8_7.x86_64
DEBUG util.py:461:  nettle-3.4.1-7.el8.x86_64
DEBUG util.py:461:  libstdc++-devel-8.5.0-28.el8_10.alma.1.x86_64
DEBUG util.py:461:  bzip2-1.0.6-28.el8_10.x86_64
DEBUG util.py:461:  openssl-libs-1.1.1k-15.el8_6.x86_64
DEBUG util.py:461:  ca-certificates-2025.2.80_v9.0.304-80.2.el8_10.noarch
DEBUG util.py:461:  libblkid-2.32.1-48.el8_10.x86_64
DEBUG util.py:461:  systemd-libs-239-82.el8_10.16.x86_64
DEBUG util.py:461:  dbus-libs-1.12.8-28.el8_10.x86_64
DEBUG util.py:461:  gzip-1.9-13.el8_5.x86_64
DEBUG util.py:461:  cracklib-dicts-2.9.6-15.el8.x86_64
DEBUG util.py:461:  libutempter-1.1.6-14.el8.x86_64
DEBUG util.py:461:  ima-evm-utils-1.3.2-12.el8.x86_64
DEBUG util.py:461:  dbus-tools-1.12.8-28.el8_10.x86_64
DEBUG util.py:461:  procps-ng-3.3.15-14.el8.x86_64
DEBUG util.py:461:  libdb-utils-5.3.28-42.el8_4.x86_64
DEBUG util.py:461:  perl-Digest-1.17-395.el8.noarch
DEBUG util.py:461:  perl-Data-Dumper-2.167-399.el8.x86_64
DEBUG util.py:461:  perl-URI-1.73-3.el8.noarch
DEBUG util.py:461:  perl-Net-SSLeay-1.88-2.module_el8.6.0+2811+fe6c84b0.x86_64
DEBUG util.py:461:  perl-IO-Socket-IP-0.39-5.el8.noarch
DEBUG util.py:461:  perl-IO-Socket-SSL-2.066-4.module_el8.6.0+2811+fe6c84b0.noarch
DEBUG util.py:461:  perl-Term-Cap-1.17-395.el8.noarch
DEBUG util.py:461:  perl-Pod-Simple-3.35-395.el8.noarch
DEBUG util.py:461:  perl-podlators-4.11-1.el8.noarch
DEBUG util.py:461:  perl-Text-ParseWords-3.30-395.el8.noarch
DEBUG util.py:461:  perl-MIME-Base64-3.15-396.el8.x86_64
DEBUG util.py:461:  perl-Getopt-Long-2.50-4.el8.noarch
DEBUG util.py:461:  perl-Socket-2.027-3.el8.x86_64
DEBUG util.py:461:  perl-Carp-1.42-396.el8.noarch
DEBUG util.py:461:  perl-libs-5.26.3-423.el8_10.x86_64
DEBUG util.py:461:  perl-parent-0.237-1.el8.noarch
DEBUG util.py:461:  perl-Text-Tabs+Wrap-2013.0523-395.el8.noarch
DEBUG util.py:461:  perl-File-Path-2.15-2.el8.noarch
DEBUG util.py:461:  perl-PathTools-3.74-1.el8.x86_64
DEBUG util.py:461:  perl-threads-2.21-2.el8.x86_64
DEBUG util.py:461:  perl-interpreter-5.26.3-423.el8_10.x86_64
DEBUG util.py:461:  kmod-libs-25-20.el8.cloudlinux.1.x86_64
DEBUG util.py:461:  tcl-8.6.8-2.el8.x86_64
DEBUG util.py:461:  gc-7.6.4-3.el8.x86_64
DEBUG util.py:461:  brotli-1.0.6-4.el8_10.x86_64
DEBUG util.py:461:  libedit-3.1-23.20170329cvs.el8.x86_64
DEBUG util.py:461:  libpipeline-1.5.0-2.el8.x86_64
DEBUG util.py:461:  libpkgconf-1.4.2-1.el8.x86_64
DEBUG util.py:461:  pkgconf-pkg-config-1.4.2-1.el8.x86_64
DEBUG util.py:461:  glibc-devel-2.28-251.el8_10.37.x86_64
DEBUG util.py:461:  annobin-11.13-2.el8.x86_64
DEBUG util.py:461:  xz-devel-5.2.4-4.el8_6.x86_64
DEBUG util.py:461:  libseccomp-2.5.2-1.el8.x86_64
DEBUG util.py:461:  gawk-4.2.1-4.el8.x86_64
DEBUG util.py:461:  guile-2.0.14-7.el8.x86_64
DEBUG util.py:461:  krb5-libs-1.18.2-34.el8_10.x86_64
DEBUG util.py:461:  libnsl2-1.2.0-2.20180605git4a062cf.el8.x86_64
DEBUG util.py:461:  platform-python-3.6.8-76.el8_10.alma.1.x86_64
DEBUG util.py:461:  libpwquality-1.4.4-6.el8.x86_64
DEBUG util.py:461:  util-linux-2.32.1-48.el8_10.x86_64
DEBUG util.py:461:  device-mapper-1.02.181-15.el8_10.3.x86_64
DEBUG util.py:461:  cryptsetup-libs-2.3.7-7.el8.x86_64
DEBUG util.py:461:  elfutils-libs-0.190-2.el8.alma.1.x86_64
DEBUG util.py:461:  dbus-daemon-1.12.8-28.el8_10.x86_64
DEBUG util.py:461:  systemd-239-82.el8_10.16.x86_64
DEBUG util.py:461:  elfutils-0.190-2.el8.alma.1.x86_64
DEBUG util.py:461:  openssh-8.0p1-29.el8_10.x86_64
DEBUG util.py:461:  python3-libcomps-0.1.18-1.el8.x86_64
DEBUG util.py:461:  environment-modules-4.5.2-4.el8.x86_64
DEBUG util.py:461:  python3-dateutil-2.6.1-6.el8.noarch
DEBUG util.py:461:  openldap-2.4.46-21.el8_10.x86_64
DEBUG util.py:461:  npth-1.5-4.el8.x86_64
DEBUG util.py:461:  gpgme-1.13.1-12.el8.x86_64
DEBUG util.py:461:  libssh-config-0.9.6-16.el8_10.noarch
DEBUG util.py:461:  libcurl-7.61.1-34.el8_10.11.x86_64
DEBUG util.py:461:  curl-7.61.1-34.el8_10.11.x86_64
DEBUG util.py:461:  rpm-libs-4.14.3-32.el8_10.x86_64
DEBUG util.py:461:  libsolv-0.7.20-6.el8.x86_64
DEBUG util.py:461:  python3-libdnf-0.63.0-21.el8_10.alma.1.x86_64
DEBUG util.py:461:  rpm-build-libs-4.14.3-32.el8_10.x86_64
DEBUG util.py:461:  gdb-headless-8.2-20.el8.x86_64
DEBUG util.py:461:  libreport-filesystem-2.9.5-15.el8.alma.1.x86_64
DEBUG util.py:461:  python3-dnf-4.7.0-21.el8_10.alma.1.noarch
DEBUG util.py:461:  python3-dnf-plugins-core-4.0.21-25.el8.noarch
DEBUG util.py:461:  yum-utils-4.0.21-25.el8.noarch
DEBUG util.py:461:  qt5-srpm-macros-5.15.3-1.el8.noarch
DEBUG util.py:461:  openblas-srpm-macros-2-2.el8.noarch
DEBUG util.py:461:  go-srpm-macros-2-17.el8.noarch
DEBUG util.py:461:  libgcc-8.5.0-28.el8_10.alma.1.x86_64
DEBUG util.py:461:  redhat-rpm-config-131-1.el8.cloudlinux.noarch
DEBUG util.py:461:  python-srpm-macros-3-45.el8.noarch
DEBUG util.py:461:  libxml2-devel-2.9.7-21.el8_10.4.x86_64
DEBUG util.py:461:  python3-setuptools-wheel-39.2.0-9.el8_10.noarch
DEBUG util.py:461:  scl-utils-build-2.0.2-16.el8.x86_64
DEBUG util.py:461:  python-rpm-macros-3-45.el8.noarch
DEBUG util.py:461:  alt-build-macros-1-13.el8.noarch
DEBUG util.py:461:  kernel-headers-4.18.0-553.124.4.lve.el8.x86_64
DEBUG util.py:461:  git-core-2.43.7-1.el8_10.x86_64
DEBUG util.py:461:  pkgconf-m4-1.4.2-1.el8.noarch
DEBUG util.py:461:  which-2.21-21.el8_10.x86_64
DEBUG util.py:461:  pcre2-10.32-3.el8_6.x86_64
DEBUG util.py:461:  setup-2.12.2-9.el8.cloudlinux.noarch
DEBUG util.py:461:  basesystem-11-5.el8.noarch
DEBUG util.py:461:  libselinux-2.9-11.el8_10.x86_64
DEBUG util.py:461:  glibc-all-langpacks-2.28-251.el8_10.37.x86_64
DEBUG util.py:461:  glibc-common-2.28-251.el8_10.37.x86_64
DEBUG util.py:461:  libsepol-2.9-3.el8.x86_64
DEBUG util.py:461:  info-6.5-7.el8.x86_64
DEBUG util.py:461:  bzip2-libs-1.0.6-28.el8_10.x86_64
DEBUG util.py:461:  libxcrypt-4.1.1-6.el8.x86_64
DEBUG util.py:461:  sqlite-libs-3.26.0-20.el8_10.x86_64
DEBUG util.py:461:  libcap-2.48-6.el8_10.1.x86_64
DEBUG util.py:461:  elfutils-libelf-0.190-2.el8.alma.1.x86_64
DEBUG util.py:461:  expat-2.5.0-1.el8_10.x86_64
DEBUG util.py:461:  mpfr-3.1.6-1.el8.x86_64
DEBUG util.py:461:  libcom_err-1.45.6-7.el8_10.x86_64
DEBUG util.py:461:  chkconfig-1.19.2-1.el8.x86_64
DEBUG util.py:461:  libattr-2.4.48-3.el8.x86_64
DEBUG util.py:461:  sed-4.5-5.el8_10.x86_64
DEBUG util.py:461:  libunistring-0.9.9-3.el8.x86_64
DEBUG util.py:461:  gdbm-libs-1.18-2.el8.x86_64
DEBUG util.py:461:  libffi-3.1-24.el8.x86_64
DEBUG util.py:461:  libsmartcols-2.32.1-48.el8_10.x86_64
DEBUG util.py:461:  libgcrypt-1.8.5-7.el8_6.x86_64
DEBUG util.py:461:  less-530-3.el8_10.x86_64
DEBUG util.py:461:  audit-libs-3.1.2-1.el8_10.1.x86_64
DEBUG util.py:461:  groff-base-1.22.3-18.el8.x86_64
DEBUG util.py:461:  libassuan-2.5.1-3.el8.x86_64
DEBUG util.py:461:  diffutils-3.6-6.el8.x86_64
DEBUG util.py:461:  keyutils-libs-1.5.10-9.el8.x86_64
DEBUG util.py:461:  p11-kit-trust-0.23.22-2.el8.x86_64
DEBUG util.py:461:  pcre-8.42-6.el8.x86_64
DEBUG util.py:461:  xz-5.2.4-4.el8_6.x86_64
DEBUG util.py:461:  libsemanage-2.9-12.el8_10.x86_64
DEBUG util.py:461:  gdbm-1.18-2.el8.x86_64
DEBUG util.py:461:  acl-2.2.53-3.el8.x86_64
DEBUG util.py:461:  patch-2.7.6-11.el8.x86_64
DEBUG util.py:461:  xml-common-0.6.3-50.el8.noarch
DEBUG util.py:461:  dwz-0.12-10.el8.x86_64
DEBUG util.py:461:  isl-0.16.1-6.el8.x86_64
DEBUG util.py:461:  gnutls-3.6.16-8.el8_10.6.x86_64
DEBUG util.py:461:  zstd-1.4.4-1.el8.x86_64
DEBUG util.py:461:  coreutils-common-8.30-17.el8_10.x86_64
DEBUG util.py:461:  coreutils-8.30-17.el8_10.x86_64
DEBUG util.py:461:  libdb-5.3.28-42.el8_4.x86_64
DEBUG util.py:461:  libmount-2.32.1-48.el8_10.x86_64
DEBUG util.py:461:  glib2-2.56.4-169.el8_10.x86_64
DEBUG util.py:461:  shadow-utils-4.6-23.el8_10.x86_64
DEBUG util.py:461:  cracklib-2.9.6-15.el8.x86_64
DEBUG util.py:461:  binutils-2.30-128.el8_10.x86_64
DEBUG util.py:461:  tpm2-tss-2.3.2-6.el8.x86_64
DEBUG util.py:461:  dbus-glib-0.110-2.el8.x86_64
DEBUG util.py:461:  libusbx-1.0.23-4.el8.x86_64
DEBUG util.py:461:  libfdisk-2.32.1-48.el8_10.x86_64
DEBUG util.py:461:  openssl-1.1.1k-15.el8_6.x86_64
DEBUG util.py:461:  perl-Digest-MD5-2.55-396.el8.x86_64
DEBUG util.py:461:  perl-libnet-3.11-3.el8.noarch
DEBUG util.py:461:  perl-Pod-Escapes-1.07-395.el8.noarch
DEBUG util.py:461:  perl-Mozilla-CA-20160104-7.module_el8.5.0+2812+ed912d05.noarch
DEBUG util.py:461:  perl-Time-Local-1.280-1.el8.noarch
DEBUG util.py:461:  perl-Term-ANSIColor-4.06-396.el8.noarch
DEBUG util.py:461:  perl-File-Temp-0.230.600-1.el8.noarch
DEBUG util.py:461:  perl-HTTP-Tiny-0.074-3.el8.noarch
DEBUG util.py:461:  perl-Pod-Perldoc-3.28-396.el8.noarch
DEBUG util.py:461:  perl-Pod-Usage-1.69-395.el8.noarch
DEBUG util.py:461:  perl-Storable-3.11-3.el8.x86_64
DEBUG util.py:461:  perl-Errno-1.28-423.el8_10.x86_64
DEBUG util.py:461:  perl-Encode-2.97-3.el8.x86_64
DEBUG util.py:461:  perl-Exporter-5.72-396.el8.noarch
DEBUG util.py:461:  perl-Scalar-List-Utils-1.49-2.el8.x86_64
DEBUG util.py:461:  perl-macros-5.26.3-423.el8_10.x86_64
DEBUG util.py:461:  perl-Unicode-Normalize-1.25-396.el8.x86_64
DEBUG util.py:461:  perl-IO-1.38-423.el8_10.x86_64
DEBUG util.py:461:  perl-constant-1.33-396.el8.noarch
DEBUG util.py:461:  perl-threads-shared-1.58-2.el8.x86_64
DEBUG util.py:461:  libarchive-3.3.3-7.el8_10.x86_64
DEBUG util.py:461:  libgomp-8.5.0-28.el8_10.alma.1.x86_64
DEBUG util.py:461:  libatomic_ops-7.6.2-3.el8.x86_64
DEBUG util.py:461:  libipt-1.6.1-8.el8.x86_64
DEBUG util.py:461:  cpio-2.12-11.el8.x86_64
DEBUG util.py:461:  libnghttp2-1.33.0-6.el8_10.2.x86_64
DEBUG util.py:461:  man-db-2.7.6.1-18.el8.x86_64
DEBUG util.py:461:  pkgconf-1.4.2-1.el8.x86_64
DEBUG util.py:461:  libxcrypt-devel-4.1.1-6.el8.x86_64
DEBUG util.py:461:  gcc-8.5.0-28.el8_10.alma.1.x86_64
DEBUG util.py:461:  gcc-plugin-annobin-8.5.0-28.el8_10.alma.1.x86_64
DEBUG util.py:461:  zlib-devel-1.2.11-25.el8.x86_64
DEBUG util.py:461:  libsigsegv-2.11-5.el8.x86_64
DEBUG util.py:461:  libtool-ltdl-2.4.6-25.el8.x86_64
DEBUG util.py:461:  libverto-0.3.2-2.el8.x86_64
DEBUG util.py:461:  libtirpc-1.1.4-12.el8_10.x86_64
DEBUG util.py:461:  platform-python-setuptools-39.2.0-9.el8_10.noarch
DEBUG util.py:461:  python3-libs-3.6.8-76.el8_10.alma.1.x86_64
DEBUG util.py:461:  pam-1.3.1-39.el8_10.x86_64
DEBUG util.py:461:  python3-dbus-1.2.4-15.el8.x86_64
DEBUG util.py:461:  device-mapper-libs-1.02.181-15.el8_10.3.x86_64
DEBUG util.py:461:  elfutils-default-yama-scope-0.190-2.el8.alma.1.noarch
DEBUG util.py:461:  dbus-common-1.12.8-28.el8_10.noarch
DEBUG util.py:461:  systemd-pam-239-82.el8_10.16.x86_64
DEBUG util.py:461:  dbus-1.12.8-28.el8_10.x86_64
DEBUG util.py:461:  libbabeltrace-1.5.4-4.el8.x86_64
DEBUG util.py:461:  openssh-clients-8.0p1-29.el8_10.x86_64
DEBUG util.py:461:  python3-systemd-234-8.el8.x86_64
DEBUG util.py:461:  python3-six-1.11.0-8.el8.noarch
DEBUG util.py:461:  cyrus-sasl-lib-2.1.27-6.el8_5.x86_64
DEBUG util.py:461:  libyaml-0.1.7-5.el8.x86_64
DEBUG util.py:461:  gnupg2-2.2.20-4.el8_10.x86_64
DEBUG util.py:461:  python3-gpg-1.13.1-12.el8.x86_64
DEBUG util.py:461:  libssh-0.9.6-16.el8_10.x86_64
DEBUG util.py:461:  librepo-1.14.2-5.el8.x86_64
DEBUG util.py:461:  rpm-4.14.3-32.el8_10.x86_64
DEBUG util.py:461:  libmodulemd-2.13.0-1.el8.x86_64
DEBUG util.py:461:  libdnf-0.63.0-21.el8_10.alma.1.x86_64
DEBUG util.py:461:  python3-hawkey-0.63.0-21.el8_10.alma.1.x86_64
DEBUG util.py:461:  python3-rpm-4.14.3-32.el8_10.x86_64
DEBUG util.py:461:  efi-srpm-macros-3-3.el8.cloudlinux.noarch
DEBUG util.py:461:  dnf-data-4.7.0-21.el8_10.alma.1.noarch
DEBUG util.py:461:  dnf-4.7.0-21.el8_10.alma.1.noarch
DEBUG util.py:461:  dnf-plugins-core-4.0.21-25.el8.noarch
DEBUG util.py:461:  rust-srpm-macros-5-2.el8.noarch
DEBUG util.py:461:  perl-srpm-macros-1-25.el8.noarch
DEBUG util.py:461:  ocaml-srpm-macros-5-4.el8.noarch
DEBUG util.py:608:  Child return code was: 0
DEBUG file_util.py:18:  ensuring that dir exists: /srv/build-node/mock/085d950e3ee68860fb377cce1c22e8c40243da338f2fd4534e4765cbf1c696d9.0/root/installation-homedir
DEBUG package_manager.py:295:  ['/usr/bin/dnf-3', '--installroot', '/srv/build-node/mock/085d950e3ee68860fb377cce1c22e8c40243da338f2fd4534e4765cbf1c696d9.0/root/', '-y', '--releasever', '8', '--setopt=deltarpm=False', '--allowerasing', '--nobest', '--setopt=install_weak_deps=False', '--disableplugin=local', '--disableplugin=spacewalk', '--disableplugin=versionlock', 'update']
DEBUG util.py:634:  child environment: None
DEBUG util.py:556:  Executing command: ['/usr/bin/dnf-3', '--installroot', '/srv/build-node/mock/085d950e3ee68860fb377cce1c22e8c40243da338f2fd4534e4765cbf1c696d9.0/root/', '-y', '--releasever', '8', '--setopt=deltarpm=False', '--allowerasing', '--nobest', '--setopt=install_weak_deps=False', '--disableplugin=local', '--disableplugin=spacewalk', '--disableplugin=versionlock', 'update', '--setopt=tsflags=nocontexts'] with env {'TERM': 'vt100', 'SHELL': '/bin/bash', 'HOME': '/srv/build-node/mock/085d950e3ee68860fb377cce1c22e8c40243da338f2fd4534e4765cbf1c696d9.0/root/installation-homedir', 'HOSTNAME': 'mock', 'PATH': '/usr/bin:/bin:/usr/sbin:/sbin', 'PROMPT_COMMAND': 'printf "\\033]0;<mock-chroot>\\007"', 'PS1': '<mock-chroot> \\s-\\v\\$ ', 'LANG': 'C.UTF-8', 'LC_MESSAGES': 'C.UTF-8'} and shell False
DEBUG util.py:459:  No matches found for the following disable plugin patterns: local, spacewalk, versionlock
DEBUG util.py:461:  Dependencies resolved.
DEBUG util.py:461:  Nothing to do.
DEBUG util.py:461:  Complete!
DEBUG util.py:608:  Child return code was: 0
DEBUG util.py:183:  kill orphans in chroot /srv/build-node/mock/085d950e3ee68860fb377cce1c22e8c40243da338f2fd4534e4765cbf1c696d9.0/root
DEBUG buildroot.py:686:  removing 3 rpm db files
DEBUG buildroot.py:691:  nuke_rpm_db: removing /srv/build-node/mock/085d950e3ee68860fb377cce1c22e8c40243da338f2fd4534e4765cbf1c696d9.0/root/var/lib/rpm/__db.001
DEBUG buildroot.py:691:  nuke_rpm_db: removing /srv/build-node/mock/085d950e3ee68860fb377cce1c22e8c40243da338f2fd4534e4765cbf1c696d9.0/root/var/lib/rpm/__db.002
DEBUG buildroot.py:691:  nuke_rpm_db: removing /srv/build-node/mock/085d950e3ee68860fb377cce1c22e8c40243da338f2fd4534e4765cbf1c696d9.0/root/var/lib/rpm/__db.003
DEBUG util.py:634:  child environment: None
DEBUG util.py:556:  Executing command: ['/bin/rpm', '-qa', '--root', '/srv/build-node/mock/085d950e3ee68860fb377cce1c22e8c40243da338f2fd4534e4765cbf1c696d9.0/root'] with env {'TERM': 'vt100', 'SHELL': '/bin/sh', 'HOME': '/builddir', 'HOSTNAME': 'mock', 'PATH': '/usr/bin:/bin:/usr/sbin:/sbin', 'LANG': 'C.UTF-8'} and shell False
DEBUG util.py:461:  ghc-srpm-macros-1.4.2-7.el8.noarch
DEBUG util.py:461:  crypto-policies-20230731-1.git3177e06.el8.noarch
DEBUG util.py:461:  cmake-filesystem-3.26.5-2.el8.x86_64
DEBUG util.py:461:  tzdata-2026b-1.el8.noarch
DEBUG util.py:461:  rpm-build-4.14.3-32.el8_10.x86_64
DEBUG util.py:461:  python3-pip-wheel-9.0.3-24.el8.noarch
DEBUG util.py:461:  kernel-rpm-macros-131-1.el8.cloudlinux.noarch
DEBUG util.py:461:  python3-rpm-macros-3-45.el8.noarch
DEBUG util.py:461:  scl-utils-2.0.2-16.el8.x86_64
DEBUG util.py:461:  publicsuffix-list-dafsa-20180723-1.el8.noarch
DEBUG util.py:461:  gcc-c++-8.5.0-28.el8_10.alma.1.x86_64
DEBUG util.py:461:  ncurses-base-6.1-10.20180224.el8.noarch
DEBUG util.py:461:  make-4.2.1-11.el8.x86_64
DEBUG util.py:461:  cloudlinux-release-8.10-14.el8.x86_64
DEBUG util.py:461:  filesystem-3.8-6.el8.x86_64
DEBUG util.py:461:  ncurses-libs-6.1-10.20180224.el8.x86_64
DEBUG util.py:461:  bash-4.4.20-6.el8_10.x86_64
DEBUG util.py:461:  glibc-gconv-extra-2.28-251.el8_10.37.x86_64
DEBUG util.py:461:  glibc-2.28-251.el8_10.37.x86_64
DEBUG util.py:461:  zlib-1.2.11-25.el8.x86_64
DEBUG util.py:461:  xz-libs-5.2.4-4.el8_6.x86_64
DEBUG util.py:461:  libstdc++-8.5.0-28.el8_10.alma.1.x86_64
DEBUG util.py:461:  gmp-6.1.2-11.el8.x86_64
DEBUG util.py:461:  libgpg-error-1.31-1.el8.x86_64
DEBUG util.py:461:  libzstd-1.4.4-1.el8.x86_64
DEBUG util.py:461:  libxml2-2.9.7-21.el8_10.4.x86_64
DEBUG util.py:461:  popt-1.18-1.el8.x86_64
DEBUG util.py:461:  readline-7.0-10.el8.x86_64
DEBUG util.py:461:  libuuid-2.32.1-48.el8_10.x86_64
DEBUG util.py:461:  file-libs-5.33-27.el8_10.x86_64
DEBUG util.py:461:  libacl-2.2.53-3.el8.x86_64
DEBUG util.py:461:  lua-libs-5.3.4-12.el8.x86_64
DEBUG util.py:461:  libidn2-2.2.0-1.el8.x86_64
DEBUG util.py:461:  json-c-0.13.1-3.el8.x86_64
DEBUG util.py:461:  p11-kit-0.23.22-2.el8.x86_64
DEBUG util.py:461:  libmpc-1.1.0-9.1.el8.x86_64
DEBUG util.py:461:  findutils-4.6.0-24.el8_10.x86_64
DEBUG util.py:461:  libcap-ng-0.7.11-1.el8.x86_64
DEBUG util.py:461:  lz4-libs-1.8.3-5.el8_10.x86_64
DEBUG util.py:461:  file-5.33-27.el8_10.x86_64
DEBUG util.py:461:  unzip-6.0-48.el8_10.x86_64
DEBUG util.py:461:  glibc-headers-2.28-251.el8_10.37.x86_64
DEBUG util.py:461:  libtasn1-4.13-5.el8_10.x86_64
DEBUG util.py:461:  ncurses-6.1-10.20180224.el8.x86_64
DEBUG util.py:461:  grep-3.1-6.el8.x86_64
DEBUG util.py:461:  zip-3.0-23.el8.x86_64
DEBUG util.py:461:  cpp-8.5.0-28.el8_10.alma.1.x86_64
DEBUG util.py:461:  libpsl-0.20.2-6.el8.x86_64
DEBUG util.py:461:  tar-1.30-11.el8_10.x86_64
DEBUG util.py:461:  libcomps-0.1.18-1.el8.x86_64
DEBUG util.py:461:  iso-codes-3.79-2.el8.noarch
DEBUG util.py:461:  libksba-1.3.5-9.el8_7.x86_64
DEBUG util.py:461:  nettle-3.4.1-7.el8.x86_64
DEBUG util.py:461:  libstdc++-devel-8.5.0-28.el8_10.alma.1.x86_64
DEBUG util.py:461:  bzip2-1.0.6-28.el8_10.x86_64
DEBUG util.py:461:  openssl-libs-1.1.1k-15.el8_6.x86_64
DEBUG util.py:461:  ca-certificates-2025.2.80_v9.0.304-80.2.el8_10.noarch
DEBUG util.py:461:  libblkid-2.32.1-48.el8_10.x86_64
DEBUG util.py:461:  systemd-libs-239-82.el8_10.16.x86_64
DEBUG util.py:461:  dbus-libs-1.12.8-28.el8_10.x86_64
DEBUG util.py:461:  gzip-1.9-13.el8_5.x86_64
DEBUG util.py:461:  cracklib-dicts-2.9.6-15.el8.x86_64
DEBUG util.py:461:  libutempter-1.1.6-14.el8.x86_64
DEBUG util.py:461:  ima-evm-utils-1.3.2-12.el8.x86_64
DEBUG util.py:461:  dbus-tools-1.12.8-28.el8_10.x86_64
DEBUG util.py:461:  procps-ng-3.3.15-14.el8.x86_64
DEBUG util.py:461:  libdb-utils-5.3.28-42.el8_4.x86_64
DEBUG util.py:461:  perl-Digest-1.17-395.el8.noarch
DEBUG util.py:461:  perl-Data-Dumper-2.167-399.el8.x86_64
DEBUG util.py:461:  perl-URI-1.73-3.el8.noarch
DEBUG util.py:461:  perl-Net-SSLeay-1.88-2.module_el8.6.0+2811+fe6c84b0.x86_64
DEBUG util.py:461:  perl-IO-Socket-IP-0.39-5.el8.noarch
DEBUG util.py:461:  perl-IO-Socket-SSL-2.066-4.module_el8.6.0+2811+fe6c84b0.noarch
DEBUG util.py:461:  perl-Term-Cap-1.17-395.el8.noarch
DEBUG util.py:461:  perl-Pod-Simple-3.35-395.el8.noarch
DEBUG util.py:461:  perl-podlators-4.11-1.el8.noarch
DEBUG util.py:461:  perl-Text-ParseWords-3.30-395.el8.noarch
DEBUG util.py:461:  perl-MIME-Base64-3.15-396.el8.x86_64
DEBUG util.py:461:  perl-Getopt-Long-2.50-4.el8.noarch
DEBUG util.py:461:  perl-Socket-2.027-3.el8.x86_64
DEBUG util.py:461:  perl-Carp-1.42-396.el8.noarch
DEBUG util.py:461:  perl-libs-5.26.3-423.el8_10.x86_64
DEBUG util.py:461:  perl-parent-0.237-1.el8.noarch
DEBUG util.py:461:  perl-Text-Tabs+Wrap-2013.0523-395.el8.noarch
DEBUG util.py:461:  perl-File-Path-2.15-2.el8.noarch
DEBUG util.py:461:  perl-PathTools-3.74-1.el8.x86_64
DEBUG util.py:461:  perl-threads-2.21-2.el8.x86_64
DEBUG util.py:461:  perl-interpreter-5.26.3-423.el8_10.x86_64
DEBUG util.py:461:  kmod-libs-25-20.el8.cloudlinux.1.x86_64
DEBUG util.py:461:  tcl-8.6.8-2.el8.x86_64
DEBUG util.py:461:  gc-7.6.4-3.el8.x86_64
DEBUG util.py:461:  brotli-1.0.6-4.el8_10.x86_64
DEBUG util.py:461:  libedit-3.1-23.20170329cvs.el8.x86_64
DEBUG util.py:461:  libpipeline-1.5.0-2.el8.x86_64
DEBUG util.py:461:  libpkgconf-1.4.2-1.el8.x86_64
DEBUG util.py:461:  pkgconf-pkg-config-1.4.2-1.el8.x86_64
DEBUG util.py:461:  glibc-devel-2.28-251.el8_10.37.x86_64
DEBUG util.py:461:  annobin-11.13-2.el8.x86_64
DEBUG util.py:461:  xz-devel-5.2.4-4.el8_6.x86_64
DEBUG util.py:461:  libseccomp-2.5.2-1.el8.x86_64
DEBUG util.py:461:  gawk-4.2.1-4.el8.x86_64
DEBUG util.py:461:  guile-2.0.14-7.el8.x86_64
DEBUG util.py:461:  krb5-libs-1.18.2-34.el8_10.x86_64
DEBUG util.py:461:  libnsl2-1.2.0-2.20180605git4a062cf.el8.x86_64
DEBUG util.py:461:  platform-python-3.6.8-76.el8_10.alma.1.x86_64
DEBUG util.py:461:  libpwquality-1.4.4-6.el8.x86_64
DEBUG util.py:461:  util-linux-2.32.1-48.el8_10.x86_64
DEBUG util.py:461:  device-mapper-1.02.181-15.el8_10.3.x86_64
DEBUG util.py:461:  cryptsetup-libs-2.3.7-7.el8.x86_64
DEBUG util.py:461:  elfutils-libs-0.190-2.el8.alma.1.x86_64
DEBUG util.py:461:  dbus-daemon-1.12.8-28.el8_10.x86_64
DEBUG util.py:461:  systemd-239-82.el8_10.16.x86_64
DEBUG util.py:461:  elfutils-0.190-2.el8.alma.1.x86_64
DEBUG util.py:461:  openssh-8.0p1-29.el8_10.x86_64
DEBUG util.py:461:  python3-libcomps-0.1.18-1.el8.x86_64
DEBUG util.py:461:  environment-modules-4.5.2-4.el8.x86_64
DEBUG util.py:461:  python3-dateutil-2.6.1-6.el8.noarch
DEBUG util.py:461:  openldap-2.4.46-21.el8_10.x86_64
DEBUG util.py:461:  npth-1.5-4.el8.x86_64
DEBUG util.py:461:  gpgme-1.13.1-12.el8.x86_64
DEBUG util.py:461:  libssh-config-0.9.6-16.el8_10.noarch
DEBUG util.py:461:  libcurl-7.61.1-34.el8_10.11.x86_64
DEBUG util.py:461:  curl-7.61.1-34.el8_10.11.x86_64
DEBUG util.py:461:  rpm-libs-4.14.3-32.el8_10.x86_64
DEBUG util.py:461:  libsolv-0.7.20-6.el8.x86_64
DEBUG util.py:461:  python3-libdnf-0.63.0-21.el8_10.alma.1.x86_64
DEBUG util.py:461:  rpm-build-libs-4.14.3-32.el8_10.x86_64
DEBUG util.py:461:  gdb-headless-8.2-20.el8.x86_64
DEBUG util.py:461:  libreport-filesystem-2.9.5-15.el8.alma.1.x86_64
DEBUG util.py:461:  python3-dnf-4.7.0-21.el8_10.alma.1.noarch
DEBUG util.py:461:  python3-dnf-plugins-core-4.0.21-25.el8.noarch
DEBUG util.py:461:  yum-utils-4.0.21-25.el8.noarch
DEBUG util.py:461:  qt5-srpm-macros-5.15.3-1.el8.noarch
DEBUG util.py:461:  openblas-srpm-macros-2-2.el8.noarch
DEBUG util.py:461:  go-srpm-macros-2-17.el8.noarch
DEBUG util.py:461:  libgcc-8.5.0-28.el8_10.alma.1.x86_64
DEBUG util.py:461:  redhat-rpm-config-131-1.el8.cloudlinux.noarch
DEBUG util.py:461:  python-srpm-macros-3-45.el8.noarch
DEBUG util.py:461:  libxml2-devel-2.9.7-21.el8_10.4.x86_64
DEBUG util.py:461:  python3-setuptools-wheel-39.2.0-9.el8_10.noarch
DEBUG util.py:461:  scl-utils-build-2.0.2-16.el8.x86_64
DEBUG util.py:461:  python-rpm-macros-3-45.el8.noarch
DEBUG util.py:461:  alt-build-macros-1-13.el8.noarch
DEBUG util.py:461:  kernel-headers-4.18.0-553.124.4.lve.el8.x86_64
DEBUG util.py:461:  git-core-2.43.7-1.el8_10.x86_64
DEBUG util.py:461:  pkgconf-m4-1.4.2-1.el8.noarch
DEBUG util.py:461:  which-2.21-21.el8_10.x86_64
DEBUG util.py:461:  pcre2-10.32-3.el8_6.x86_64
DEBUG util.py:461:  setup-2.12.2-9.el8.cloudlinux.noarch
DEBUG util.py:461:  basesystem-11-5.el8.noarch
DEBUG util.py:461:  libselinux-2.9-11.el8_10.x86_64
DEBUG util.py:461:  glibc-all-langpacks-2.28-251.el8_10.37.x86_64
DEBUG util.py:461:  glibc-common-2.28-251.el8_10.37.x86_64
DEBUG util.py:461:  libsepol-2.9-3.el8.x86_64
DEBUG util.py:461:  info-6.5-7.el8.x86_64
DEBUG util.py:461:  bzip2-libs-1.0.6-28.el8_10.x86_64
DEBUG util.py:461:  libxcrypt-4.1.1-6.el8.x86_64
DEBUG util.py:461:  sqlite-libs-3.26.0-20.el8_10.x86_64
DEBUG util.py:461:  libcap-2.48-6.el8_10.1.x86_64
DEBUG util.py:461:  elfutils-libelf-0.190-2.el8.alma.1.x86_64
DEBUG util.py:461:  expat-2.5.0-1.el8_10.x86_64
DEBUG util.py:461:  mpfr-3.1.6-1.el8.x86_64
DEBUG util.py:461:  libcom_err-1.45.6-7.el8_10.x86_64
DEBUG util.py:461:  chkconfig-1.19.2-1.el8.x86_64
DEBUG util.py:461:  libattr-2.4.48-3.el8.x86_64
DEBUG util.py:461:  sed-4.5-5.el8_10.x86_64
DEBUG util.py:461:  libunistring-0.9.9-3.el8.x86_64
DEBUG util.py:461:  gdbm-libs-1.18-2.el8.x86_64
DEBUG util.py:461:  libffi-3.1-24.el8.x86_64
DEBUG util.py:461:  libsmartcols-2.32.1-48.el8_10.x86_64
DEBUG util.py:461:  libgcrypt-1.8.5-7.el8_6.x86_64
DEBUG util.py:461:  less-530-3.el8_10.x86_64
DEBUG util.py:461:  audit-libs-3.1.2-1.el8_10.1.x86_64
DEBUG util.py:461:  groff-base-1.22.3-18.el8.x86_64
DEBUG util.py:461:  libassuan-2.5.1-3.el8.x86_64
DEBUG util.py:461:  diffutils-3.6-6.el8.x86_64
DEBUG util.py:461:  keyutils-libs-1.5.10-9.el8.x86_64
DEBUG util.py:461:  p11-kit-trust-0.23.22-2.el8.x86_64
DEBUG util.py:461:  pcre-8.42-6.el8.x86_64
DEBUG util.py:461:  xz-5.2.4-4.el8_6.x86_64
DEBUG util.py:461:  libsemanage-2.9-12.el8_10.x86_64
DEBUG util.py:461:  gdbm-1.18-2.el8.x86_64
DEBUG util.py:461:  acl-2.2.53-3.el8.x86_64
DEBUG util.py:461:  patch-2.7.6-11.el8.x86_64
DEBUG util.py:461:  xml-common-0.6.3-50.el8.noarch
DEBUG util.py:461:  dwz-0.12-10.el8.x86_64
DEBUG util.py:461:  isl-0.16.1-6.el8.x86_64
DEBUG util.py:461:  gnutls-3.6.16-8.el8_10.6.x86_64
DEBUG util.py:461:  zstd-1.4.4-1.el8.x86_64
DEBUG util.py:461:  coreutils-common-8.30-17.el8_10.x86_64
DEBUG util.py:461:  coreutils-8.30-17.el8_10.x86_64
DEBUG util.py:461:  libdb-5.3.28-42.el8_4.x86_64
DEBUG util.py:461:  libmount-2.32.1-48.el8_10.x86_64
DEBUG util.py:461:  glib2-2.56.4-169.el8_10.x86_64
DEBUG util.py:461:  shadow-utils-4.6-23.el8_10.x86_64
DEBUG util.py:461:  cracklib-2.9.6-15.el8.x86_64
DEBUG util.py:461:  binutils-2.30-128.el8_10.x86_64
DEBUG util.py:461:  tpm2-tss-2.3.2-6.el8.x86_64
DEBUG util.py:461:  dbus-glib-0.110-2.el8.x86_64
DEBUG util.py:461:  libusbx-1.0.23-4.el8.x86_64
DEBUG util.py:461:  libfdisk-2.32.1-48.el8_10.x86_64
DEBUG util.py:461:  openssl-1.1.1k-15.el8_6.x86_64
DEBUG util.py:461:  perl-Digest-MD5-2.55-396.el8.x86_64
DEBUG util.py:461:  perl-libnet-3.11-3.el8.noarch
DEBUG util.py:461:  perl-Pod-Escapes-1.07-395.el8.noarch
DEBUG util.py:461:  perl-Mozilla-CA-20160104-7.module_el8.5.0+2812+ed912d05.noarch
DEBUG util.py:461:  perl-Time-Local-1.280-1.el8.noarch
DEBUG util.py:461:  perl-Term-ANSIColor-4.06-396.el8.noarch
DEBUG util.py:461:  perl-File-Temp-0.230.600-1.el8.noarch
DEBUG util.py:461:  perl-HTTP-Tiny-0.074-3.el8.noarch
DEBUG util.py:461:  perl-Pod-Perldoc-3.28-396.el8.noarch
DEBUG util.py:461:  perl-Pod-Usage-1.69-395.el8.noarch
DEBUG util.py:461:  perl-Storable-3.11-3.el8.x86_64
DEBUG util.py:461:  perl-Errno-1.28-423.el8_10.x86_64
DEBUG util.py:461:  perl-Encode-2.97-3.el8.x86_64
DEBUG util.py:461:  perl-Exporter-5.72-396.el8.noarch
DEBUG util.py:461:  perl-Scalar-List-Utils-1.49-2.el8.x86_64
DEBUG util.py:461:  perl-macros-5.26.3-423.el8_10.x86_64
DEBUG util.py:461:  perl-Unicode-Normalize-1.25-396.el8.x86_64
DEBUG util.py:461:  perl-IO-1.38-423.el8_10.x86_64
DEBUG util.py:461:  perl-constant-1.33-396.el8.noarch
DEBUG util.py:461:  perl-threads-shared-1.58-2.el8.x86_64
DEBUG util.py:461:  libarchive-3.3.3-7.el8_10.x86_64
DEBUG util.py:461:  libgomp-8.5.0-28.el8_10.alma.1.x86_64
DEBUG util.py:461:  libatomic_ops-7.6.2-3.el8.x86_64
DEBUG util.py:461:  libipt-1.6.1-8.el8.x86_64
DEBUG util.py:461:  cpio-2.12-11.el8.x86_64
DEBUG util.py:461:  libnghttp2-1.33.0-6.el8_10.2.x86_64
DEBUG util.py:461:  man-db-2.7.6.1-18.el8.x86_64
DEBUG util.py:461:  pkgconf-1.4.2-1.el8.x86_64
DEBUG util.py:461:  libxcrypt-devel-4.1.1-6.el8.x86_64
DEBUG util.py:461:  gcc-8.5.0-28.el8_10.alma.1.x86_64
DEBUG util.py:461:  gcc-plugin-annobin-8.5.0-28.el8_10.alma.1.x86_64
DEBUG util.py:461:  zlib-devel-1.2.11-25.el8.x86_64
DEBUG util.py:461:  libsigsegv-2.11-5.el8.x86_64
DEBUG util.py:461:  libtool-ltdl-2.4.6-25.el8.x86_64
DEBUG util.py:461:  libverto-0.3.2-2.el8.x86_64
DEBUG util.py:461:  libtirpc-1.1.4-12.el8_10.x86_64
DEBUG util.py:461:  platform-python-setuptools-39.2.0-9.el8_10.noarch
DEBUG util.py:461:  python3-libs-3.6.8-76.el8_10.alma.1.x86_64
DEBUG util.py:461:  pam-1.3.1-39.el8_10.x86_64
DEBUG util.py:461:  python3-dbus-1.2.4-15.el8.x86_64
DEBUG util.py:461:  device-mapper-libs-1.02.181-15.el8_10.3.x86_64
DEBUG util.py:461:  elfutils-default-yama-scope-0.190-2.el8.alma.1.noarch
DEBUG util.py:461:  dbus-common-1.12.8-28.el8_10.noarch
DEBUG util.py:461:  systemd-pam-239-82.el8_10.16.x86_64
DEBUG util.py:461:  dbus-1.12.8-28.el8_10.x86_64
DEBUG util.py:461:  libbabeltrace-1.5.4-4.el8.x86_64
DEBUG util.py:461:  openssh-clients-8.0p1-29.el8_10.x86_64
DEBUG util.py:461:  python3-systemd-234-8.el8.x86_64
DEBUG util.py:461:  python3-six-1.11.0-8.el8.noarch
DEBUG util.py:461:  cyrus-sasl-lib-2.1.27-6.el8_5.x86_64
DEBUG util.py:461:  libyaml-0.1.7-5.el8.x86_64
DEBUG util.py:461:  gnupg2-2.2.20-4.el8_10.x86_64
DEBUG util.py:461:  python3-gpg-1.13.1-12.el8.x86_64
DEBUG util.py:461:  libssh-0.9.6-16.el8_10.x86_64
DEBUG util.py:461:  librepo-1.14.2-5.el8.x86_64
DEBUG util.py:461:  rpm-4.14.3-32.el8_10.x86_64
DEBUG util.py:461:  libmodulemd-2.13.0-1.el8.x86_64
DEBUG util.py:461:  libdnf-0.63.0-21.el8_10.alma.1.x86_64
DEBUG util.py:461:  python3-hawkey-0.63.0-21.el8_10.alma.1.x86_64
DEBUG util.py:461:  python3-rpm-4.14.3-32.el8_10.x86_64
DEBUG util.py:461:  efi-srpm-macros-3-3.el8.cloudlinux.noarch
DEBUG util.py:461:  dnf-data-4.7.0-21.el8_10.alma.1.noarch
DEBUG util.py:461:  dnf-4.7.0-21.el8_10.alma.1.noarch
DEBUG util.py:461:  dnf-plugins-core-4.0.21-25.el8.noarch
DEBUG util.py:461:  rust-srpm-macros-5-2.el8.noarch
DEBUG util.py:461:  perl-srpm-macros-1-25.el8.noarch
DEBUG util.py:461:  ocaml-srpm-macros-5-4.el8.noarch
DEBUG util.py:608:  Child return code was: 0
DEBUG file_util.py:18:  ensuring that dir exists: /srv/build-node/mock/085d950e3ee68860fb377cce1c22e8c40243da338f2fd4534e4765cbf1c696d9.0/root/builddir/build
DEBUG file_util.py:18:  ensuring that dir exists: /srv/build-node/mock/085d950e3ee68860fb377cce1c22e8c40243da338f2fd4534e4765cbf1c696d9.0/root/builddir/build/RPMS
DEBUG file_util.py:21:  created dir: /srv/build-node/mock/085d950e3ee68860fb377cce1c22e8c40243da338f2fd4534e4765cbf1c696d9.0/root/builddir/build/RPMS
DEBUG file_util.py:18:  ensuring that dir exists: /srv/build-node/mock/085d950e3ee68860fb377cce1c22e8c40243da338f2fd4534e4765cbf1c696d9.0/root/builddir/build/SPECS
DEBUG file_util.py:21:  created dir: /srv/build-node/mock/085d950e3ee68860fb377cce1c22e8c40243da338f2fd4534e4765cbf1c696d9.0/root/builddir/build/SPECS
DEBUG file_util.py:18:  ensuring that dir exists: /srv/build-node/mock/085d950e3ee68860fb377cce1c22e8c40243da338f2fd4534e4765cbf1c696d9.0/root/builddir/build/SRPMS
DEBUG file_util.py:21:  created dir: /srv/build-node/mock/085d950e3ee68860fb377cce1c22e8c40243da338f2fd4534e4765cbf1c696d9.0/root/builddir/build/SRPMS
DEBUG file_util.py:18:  ensuring that dir exists: /srv/build-node/mock/085d950e3ee68860fb377cce1c22e8c40243da338f2fd4534e4765cbf1c696d9.0/root/builddir/build/SOURCES
DEBUG file_util.py:18:  ensuring that dir exists: /srv/build-node/mock/085d950e3ee68860fb377cce1c22e8c40243da338f2fd4534e4765cbf1c696d9.0/root/builddir/build/BUILD
DEBUG file_util.py:21:  created dir: /srv/build-node/mock/085d950e3ee68860fb377cce1c22e8c40243da338f2fd4534e4765cbf1c696d9.0/root/builddir/build/BUILD
DEBUG file_util.py:18:  ensuring that dir exists: /srv/build-node/mock/085d950e3ee68860fb377cce1c22e8c40243da338f2fd4534e4765cbf1c696d9.0/root/builddir/build/BUILDROOT
DEBUG file_util.py:21:  created dir: /srv/build-node/mock/085d950e3ee68860fb377cce1c22e8c40243da338f2fd4534e4765cbf1c696d9.0/root/builddir/build/BUILDROOT
DEBUG file_util.py:18:  ensuring that dir exists: /srv/build-node/mock/085d950e3ee68860fb377cce1c22e8c40243da338f2fd4534e4765cbf1c696d9.0/root/builddir/build/originals
DEBUG file_util.py:21:  created dir: /srv/build-node/mock/085d950e3ee68860fb377cce1c22e8c40243da338f2fd4534e4765cbf1c696d9.0/root/builddir/build/originals
DEBUG file_util.py:18:  ensuring that dir exists: /srv/build-node/mock/085d950e3ee68860fb377cce1c22e8c40243da338f2fd4534e4765cbf1c696d9.0/root/builddir
DEBUG util.py:634:  child environment: None
DEBUG util.py:556:  Executing command: ['userdel', '-f', 'mockbuild', '--prefix', '/srv/build-node/mock/085d950e3ee68860fb377cce1c22e8c40243da338f2fd4534e4765cbf1c696d9.0/root'] with env {'TERM': 'vt100', 'SHELL': '/bin/sh', 'HOME': '/builddir', 'HOSTNAME': 'mock', 'PATH': '/usr/bin:/bin:/usr/sbin:/sbin', 'LANG': 'C.UTF-8'} and shell False
DEBUG util.py:608:  Child return code was: 0
DEBUG util.py:634:  child environment: None
DEBUG util.py:556:  Executing command: ['groupdel', 'mock', '--prefix', '/srv/build-node/mock/085d950e3ee68860fb377cce1c22e8c40243da338f2fd4534e4765cbf1c696d9.0/root'] with env {'TERM': 'vt100', 'SHELL': '/bin/sh', 'HOME': '/builddir', 'HOSTNAME': 'mock', 'PATH': '/usr/bin:/bin:/usr/sbin:/sbin', 'LANG': 'C.UTF-8'} and shell False
DEBUG util.py:608:  Child return code was: 0
DEBUG util.py:634:  child environment: None
DEBUG util.py:556:  Executing command: ['groupadd', 'mock', '-g', '135', '--prefix', '/srv/build-node/mock/085d950e3ee68860fb377cce1c22e8c40243da338f2fd4534e4765cbf1c696d9.0/root'] with env {'TERM': 'vt100', 'SHELL': '/bin/sh', 'HOME': '/builddir', 'HOSTNAME': 'mock', 'PATH': '/usr/bin:/bin:/usr/sbin:/sbin', 'LANG': 'C.UTF-8'} and shell False
DEBUG util.py:608:  Child return code was: 0
DEBUG util.py:634:  child environment: None
DEBUG util.py:556:  Executing command: ['useradd', 'mockbuild', '-o', '-u', '1000', '-g', '135', '-N', '-d', '/builddir', '--prefix', '/srv/build-node/mock/085d950e3ee68860fb377cce1c22e8c40243da338f2fd4534e4765cbf1c696d9.0/root'] with env {'TERM': 'vt100', 'SHELL': '/bin/sh', 'HOME': '/builddir', 'HOSTNAME': 'mock', 'PATH': '/usr/bin:/bin:/usr/sbin:/sbin', 'LANG': 'C.UTF-8'} and shell False
DEBUG util.py:459:  useradd: warning: the home directory already exists.
DEBUG util.py:459:  Not copying any file from skel directory into it.
DEBUG util.py:459:  Creating mailbox file: File exists
DEBUG util.py:608:  Child return code was: 0
DEBUG file_util.py:30:  touching file: /srv/build-node/mock/085d950e3ee68860fb377cce1c22e8c40243da338f2fd4534e4765cbf1c696d9.0/root/.initialized
DEBUG file_util.py:18:  ensuring that dir exists: /opt/pesign
DEBUG file_util.py:18:  ensuring that dir exists: /srv/build-node/mock/085d950e3ee68860fb377cce1c22e8c40243da338f2fd4534e4765cbf1c696d9.0/root/usr/local/bin
DEBUG file_util.py:18:  ensuring that dir exists: /var/run/pesign
DEBUG file_util.py:18:  ensuring that dir exists: /srv/build-node/mock/085d950e3ee68860fb377cce1c22e8c40243da338f2fd4534e4765cbf1c696d9.0/root/var/run/pesign
DEBUG file_util.py:21:  created dir: /srv/build-node/mock/085d950e3ee68860fb377cce1c22e8c40243da338f2fd4534e4765cbf1c696d9.0/root/var/run/pesign
DEBUG file_util.py:18:  ensuring that dir exists: /etc/pki/kmod
DEBUG file_util.py:18:  ensuring that dir exists: /srv/build-node/mock/085d950e3ee68860fb377cce1c22e8c40243da338f2fd4534e4765cbf1c696d9.0/root/etc/pki/kmod
DEBUG file_util.py:21:  created dir: /srv/build-node/mock/085d950e3ee68860fb377cce1c22e8c40243da338f2fd4534e4765cbf1c696d9.0/root/etc/pki/kmod
DEBUG file_util.py:18:  ensuring that dir exists: /srv/build-node/mock/085d950e3ee68860fb377cce1c22e8c40243da338f2fd4534e4765cbf1c696d9.0/root/usr/local/bin
DEBUG util.py:634:  child environment: None
DEBUG util.py:556:  Executing command: ['/bin/mount', '-n', '-o', 'bind', '/opt/pesign', '/srv/build-node/mock/085d950e3ee68860fb377cce1c22e8c40243da338f2fd4534e4765cbf1c696d9.0/root/usr/local/bin'] with env {'TERM': 'vt100', 'SHELL': '/bin/sh', 'HOME': '/builddir', 'HOSTNAME': 'mock', 'PATH': '/usr/bin:/bin:/usr/sbin:/sbin', 'LANG': 'C.UTF-8'} and shell False
DEBUG util.py:608:  Child return code was: 0
DEBUG file_util.py:18:  ensuring that dir exists: /srv/build-node/mock/085d950e3ee68860fb377cce1c22e8c40243da338f2fd4534e4765cbf1c696d9.0/root/var/run/pesign
DEBUG util.py:634:  child environment: None
DEBUG util.py:556:  Executing command: ['/bin/mount', '-n', '-o', 'bind', '/var/run/pesign', '/srv/build-node/mock/085d950e3ee68860fb377cce1c22e8c40243da338f2fd4534e4765cbf1c696d9.0/root/var/run/pesign'] with env {'TERM': 'vt100', 'SHELL': '/bin/sh', 'HOME': '/builddir', 'HOSTNAME': 'mock', 'PATH': '/usr/bin:/bin:/usr/sbin:/sbin', 'LANG': 'C.UTF-8'} and shell False
DEBUG util.py:608:  Child return code was: 0
DEBUG file_util.py:18:  ensuring that dir exists: /srv/build-node/mock/085d950e3ee68860fb377cce1c22e8c40243da338f2fd4534e4765cbf1c696d9.0/root/etc/pki/kmod
DEBUG util.py:634:  child environment: None
DEBUG util.py:556:  Executing command: ['/bin/mount', '-n', '-o', 'bind', '/etc/pki/kmod', '/srv/build-node/mock/085d950e3ee68860fb377cce1c22e8c40243da338f2fd4534e4765cbf1c696d9.0/root/etc/pki/kmod'] with env {'TERM': 'vt100', 'SHELL': '/bin/sh', 'HOME': '/builddir', 'HOSTNAME': 'mock', 'PATH': '/usr/bin:/bin:/usr/sbin:/sbin', 'LANG': 'C.UTF-8'} and shell False
DEBUG util.py:608:  Child return code was: 0
DEBUG util.py:634:  child environment: None
DEBUG util.py:556:  Executing command: ['/bin/rpm', '-Uvh', '--nodeps', '/builddir/build/originals/shim-unsigned-x64-16.1-2.el8.cloudlinux.1.src.rpm'] with env {'TERM': 'vt100', 'SHELL': '/bin/bash', 'HOME': '/builddir', 'HOSTNAME': 'mock', 'PATH': '/usr/bin:/bin:/usr/sbin:/sbin', 'PROMPT_COMMAND': 'printf "\\033]0;<mock-chroot>\\007"', 'PS1': '<mock-chroot> \\s-\\v\\$ ', 'LANG': 'C.UTF-8'} and shell False
DEBUG util.py:461:  Updating / installing...
DEBUG util.py:461:  shim-unsigned-x64-1:16.1-2.el8.cloudli########################################
DEBUG util.py:608:  Child return code was: 0
DEBUG util.py:634:  child environment: None
DEBUG util.py:556:  Executing command: ['/bin/rpm', '-qpl', '/builddir/build/originals/shim-unsigned-x64-16.1-2.el8.cloudlinux.1.src.rpm'] with env {'TERM': 'vt100', 'SHELL': '/bin/bash', 'HOME': '/builddir', 'HOSTNAME': 'mock', 'PATH': '/usr/bin:/bin:/usr/sbin:/sbin', 'PROMPT_COMMAND': 'printf "\\033]0;<mock-chroot>\\007"', 'PS1': '<mock-chroot> \\s-\\v\\$ ', 'LANG': 'C.UTF-8'} and shell False
DEBUG util.py:461:  clsecureboot001.cer
DEBUG util.py:461:  clsecurebootca2.cer
DEBUG util.py:461:  dbx.esl
DEBUG util.py:461:  sbat.cloudlinux.csv
DEBUG util.py:461:  shim-16.1.tar.bz2
DEBUG util.py:461:  shim-find-debuginfo.sh
DEBUG util.py:461:  shim-unsigned-x64.spec
DEBUG util.py:461:  shim.patches
DEBUG util.py:608:  Child return code was: 0
DEBUG util.py:634:  child environment: None
DEBUG util.py:556:  Executing command: ['/bin/rpm', '-qa', '--root', '/srv/build-node/mock/085d950e3ee68860fb377cce1c22e8c40243da338f2fd4534e4765cbf1c696d9.0/root'] with env {'TERM': 'vt100', 'SHELL': '/bin/sh', 'HOME': '/builddir', 'HOSTNAME': 'mock', 'PATH': '/usr/bin:/bin:/usr/sbin:/sbin', 'LANG': 'C.UTF-8'} and shell False
DEBUG util.py:461:  ghc-srpm-macros-1.4.2-7.el8.noarch
DEBUG util.py:461:  crypto-policies-20230731-1.git3177e06.el8.noarch
DEBUG util.py:461:  cmake-filesystem-3.26.5-2.el8.x86_64
DEBUG util.py:461:  tzdata-2026b-1.el8.noarch
DEBUG util.py:461:  rpm-build-4.14.3-32.el8_10.x86_64
DEBUG util.py:461:  python3-pip-wheel-9.0.3-24.el8.noarch
DEBUG util.py:461:  kernel-rpm-macros-131-1.el8.cloudlinux.noarch
DEBUG util.py:461:  python3-rpm-macros-3-45.el8.noarch
DEBUG util.py:461:  scl-utils-2.0.2-16.el8.x86_64
DEBUG util.py:461:  publicsuffix-list-dafsa-20180723-1.el8.noarch
DEBUG util.py:461:  gcc-c++-8.5.0-28.el8_10.alma.1.x86_64
DEBUG util.py:461:  ncurses-base-6.1-10.20180224.el8.noarch
DEBUG util.py:461:  make-4.2.1-11.el8.x86_64
DEBUG util.py:461:  cloudlinux-release-8.10-14.el8.x86_64
DEBUG util.py:461:  filesystem-3.8-6.el8.x86_64
DEBUG util.py:461:  ncurses-libs-6.1-10.20180224.el8.x86_64
DEBUG util.py:461:  bash-4.4.20-6.el8_10.x86_64
DEBUG util.py:461:  glibc-gconv-extra-2.28-251.el8_10.37.x86_64
DEBUG util.py:461:  glibc-2.28-251.el8_10.37.x86_64
DEBUG util.py:461:  zlib-1.2.11-25.el8.x86_64
DEBUG util.py:461:  xz-libs-5.2.4-4.el8_6.x86_64
DEBUG util.py:461:  libstdc++-8.5.0-28.el8_10.alma.1.x86_64
DEBUG util.py:461:  gmp-6.1.2-11.el8.x86_64
DEBUG util.py:461:  libgpg-error-1.31-1.el8.x86_64
DEBUG util.py:461:  libzstd-1.4.4-1.el8.x86_64
DEBUG util.py:461:  libxml2-2.9.7-21.el8_10.4.x86_64
DEBUG util.py:461:  popt-1.18-1.el8.x86_64
DEBUG util.py:461:  readline-7.0-10.el8.x86_64
DEBUG util.py:461:  libuuid-2.32.1-48.el8_10.x86_64
DEBUG util.py:461:  file-libs-5.33-27.el8_10.x86_64
DEBUG util.py:461:  libacl-2.2.53-3.el8.x86_64
DEBUG util.py:461:  lua-libs-5.3.4-12.el8.x86_64
DEBUG util.py:461:  libidn2-2.2.0-1.el8.x86_64
DEBUG util.py:461:  json-c-0.13.1-3.el8.x86_64
DEBUG util.py:461:  p11-kit-0.23.22-2.el8.x86_64
DEBUG util.py:461:  libmpc-1.1.0-9.1.el8.x86_64
DEBUG util.py:461:  findutils-4.6.0-24.el8_10.x86_64
DEBUG util.py:461:  libcap-ng-0.7.11-1.el8.x86_64
DEBUG util.py:461:  lz4-libs-1.8.3-5.el8_10.x86_64
DEBUG util.py:461:  file-5.33-27.el8_10.x86_64
DEBUG util.py:461:  unzip-6.0-48.el8_10.x86_64
DEBUG util.py:461:  glibc-headers-2.28-251.el8_10.37.x86_64
DEBUG util.py:461:  libtasn1-4.13-5.el8_10.x86_64
DEBUG util.py:461:  ncurses-6.1-10.20180224.el8.x86_64
DEBUG util.py:461:  grep-3.1-6.el8.x86_64
DEBUG util.py:461:  zip-3.0-23.el8.x86_64
DEBUG util.py:461:  cpp-8.5.0-28.el8_10.alma.1.x86_64
DEBUG util.py:461:  libpsl-0.20.2-6.el8.x86_64
DEBUG util.py:461:  tar-1.30-11.el8_10.x86_64
DEBUG util.py:461:  libcomps-0.1.18-1.el8.x86_64
DEBUG util.py:461:  iso-codes-3.79-2.el8.noarch
DEBUG util.py:461:  libksba-1.3.5-9.el8_7.x86_64
DEBUG util.py:461:  nettle-3.4.1-7.el8.x86_64
DEBUG util.py:461:  libstdc++-devel-8.5.0-28.el8_10.alma.1.x86_64
DEBUG util.py:461:  bzip2-1.0.6-28.el8_10.x86_64
DEBUG util.py:461:  openssl-libs-1.1.1k-15.el8_6.x86_64
DEBUG util.py:461:  ca-certificates-2025.2.80_v9.0.304-80.2.el8_10.noarch
DEBUG util.py:461:  libblkid-2.32.1-48.el8_10.x86_64
DEBUG util.py:461:  systemd-libs-239-82.el8_10.16.x86_64
DEBUG util.py:461:  dbus-libs-1.12.8-28.el8_10.x86_64
DEBUG util.py:461:  gzip-1.9-13.el8_5.x86_64
DEBUG util.py:461:  cracklib-dicts-2.9.6-15.el8.x86_64
DEBUG util.py:461:  libutempter-1.1.6-14.el8.x86_64
DEBUG util.py:461:  ima-evm-utils-1.3.2-12.el8.x86_64
DEBUG util.py:461:  dbus-tools-1.12.8-28.el8_10.x86_64
DEBUG util.py:461:  procps-ng-3.3.15-14.el8.x86_64
DEBUG util.py:461:  libdb-utils-5.3.28-42.el8_4.x86_64
DEBUG util.py:461:  perl-Digest-1.17-395.el8.noarch
DEBUG util.py:461:  perl-Data-Dumper-2.167-399.el8.x86_64
DEBUG util.py:461:  perl-URI-1.73-3.el8.noarch
DEBUG util.py:461:  perl-Net-SSLeay-1.88-2.module_el8.6.0+2811+fe6c84b0.x86_64
DEBUG util.py:461:  perl-IO-Socket-IP-0.39-5.el8.noarch
DEBUG util.py:461:  perl-IO-Socket-SSL-2.066-4.module_el8.6.0+2811+fe6c84b0.noarch
DEBUG util.py:461:  perl-Term-Cap-1.17-395.el8.noarch
DEBUG util.py:461:  perl-Pod-Simple-3.35-395.el8.noarch
DEBUG util.py:461:  perl-podlators-4.11-1.el8.noarch
DEBUG util.py:461:  perl-Text-ParseWords-3.30-395.el8.noarch
DEBUG util.py:461:  perl-MIME-Base64-3.15-396.el8.x86_64
DEBUG util.py:461:  perl-Getopt-Long-2.50-4.el8.noarch
DEBUG util.py:461:  perl-Socket-2.027-3.el8.x86_64
DEBUG util.py:461:  perl-Carp-1.42-396.el8.noarch
DEBUG util.py:461:  perl-libs-5.26.3-423.el8_10.x86_64
DEBUG util.py:461:  perl-parent-0.237-1.el8.noarch
DEBUG util.py:461:  perl-Text-Tabs+Wrap-2013.0523-395.el8.noarch
DEBUG util.py:461:  perl-File-Path-2.15-2.el8.noarch
DEBUG util.py:461:  perl-PathTools-3.74-1.el8.x86_64
DEBUG util.py:461:  perl-threads-2.21-2.el8.x86_64
DEBUG util.py:461:  perl-interpreter-5.26.3-423.el8_10.x86_64
DEBUG util.py:461:  kmod-libs-25-20.el8.cloudlinux.1.x86_64
DEBUG util.py:461:  tcl-8.6.8-2.el8.x86_64
DEBUG util.py:461:  gc-7.6.4-3.el8.x86_64
DEBUG util.py:461:  brotli-1.0.6-4.el8_10.x86_64
DEBUG util.py:461:  libedit-3.1-23.20170329cvs.el8.x86_64
DEBUG util.py:461:  libpipeline-1.5.0-2.el8.x86_64
DEBUG util.py:461:  libpkgconf-1.4.2-1.el8.x86_64
DEBUG util.py:461:  pkgconf-pkg-config-1.4.2-1.el8.x86_64
DEBUG util.py:461:  glibc-devel-2.28-251.el8_10.37.x86_64
DEBUG util.py:461:  annobin-11.13-2.el8.x86_64
DEBUG util.py:461:  xz-devel-5.2.4-4.el8_6.x86_64
DEBUG util.py:461:  libseccomp-2.5.2-1.el8.x86_64
DEBUG util.py:461:  gawk-4.2.1-4.el8.x86_64
DEBUG util.py:461:  guile-2.0.14-7.el8.x86_64
DEBUG util.py:461:  krb5-libs-1.18.2-34.el8_10.x86_64
DEBUG util.py:461:  libnsl2-1.2.0-2.20180605git4a062cf.el8.x86_64
DEBUG util.py:461:  platform-python-3.6.8-76.el8_10.alma.1.x86_64
DEBUG util.py:461:  libpwquality-1.4.4-6.el8.x86_64
DEBUG util.py:461:  util-linux-2.32.1-48.el8_10.x86_64
DEBUG util.py:461:  device-mapper-1.02.181-15.el8_10.3.x86_64
DEBUG util.py:461:  cryptsetup-libs-2.3.7-7.el8.x86_64
DEBUG util.py:461:  elfutils-libs-0.190-2.el8.alma.1.x86_64
DEBUG util.py:461:  dbus-daemon-1.12.8-28.el8_10.x86_64
DEBUG util.py:461:  systemd-239-82.el8_10.16.x86_64
DEBUG util.py:461:  elfutils-0.190-2.el8.alma.1.x86_64
DEBUG util.py:461:  openssh-8.0p1-29.el8_10.x86_64
DEBUG util.py:461:  python3-libcomps-0.1.18-1.el8.x86_64
DEBUG util.py:461:  environment-modules-4.5.2-4.el8.x86_64
DEBUG util.py:461:  python3-dateutil-2.6.1-6.el8.noarch
DEBUG util.py:461:  openldap-2.4.46-21.el8_10.x86_64
DEBUG util.py:461:  npth-1.5-4.el8.x86_64
DEBUG util.py:461:  gpgme-1.13.1-12.el8.x86_64
DEBUG util.py:461:  libssh-config-0.9.6-16.el8_10.noarch
DEBUG util.py:461:  libcurl-7.61.1-34.el8_10.11.x86_64
DEBUG util.py:461:  curl-7.61.1-34.el8_10.11.x86_64
DEBUG util.py:461:  rpm-libs-4.14.3-32.el8_10.x86_64
DEBUG util.py:461:  libsolv-0.7.20-6.el8.x86_64
DEBUG util.py:461:  python3-libdnf-0.63.0-21.el8_10.alma.1.x86_64
DEBUG util.py:461:  rpm-build-libs-4.14.3-32.el8_10.x86_64
DEBUG util.py:461:  gdb-headless-8.2-20.el8.x86_64
DEBUG util.py:461:  libreport-filesystem-2.9.5-15.el8.alma.1.x86_64
DEBUG util.py:461:  python3-dnf-4.7.0-21.el8_10.alma.1.noarch
DEBUG util.py:461:  python3-dnf-plugins-core-4.0.21-25.el8.noarch
DEBUG util.py:461:  yum-utils-4.0.21-25.el8.noarch
DEBUG util.py:461:  qt5-srpm-macros-5.15.3-1.el8.noarch
DEBUG util.py:461:  openblas-srpm-macros-2-2.el8.noarch
DEBUG util.py:461:  go-srpm-macros-2-17.el8.noarch
DEBUG util.py:461:  libgcc-8.5.0-28.el8_10.alma.1.x86_64
DEBUG util.py:461:  redhat-rpm-config-131-1.el8.cloudlinux.noarch
DEBUG util.py:461:  python-srpm-macros-3-45.el8.noarch
DEBUG util.py:461:  libxml2-devel-2.9.7-21.el8_10.4.x86_64
DEBUG util.py:461:  python3-setuptools-wheel-39.2.0-9.el8_10.noarch
DEBUG util.py:461:  scl-utils-build-2.0.2-16.el8.x86_64
DEBUG util.py:461:  python-rpm-macros-3-45.el8.noarch
DEBUG util.py:461:  alt-build-macros-1-13.el8.noarch
DEBUG util.py:461:  kernel-headers-4.18.0-553.124.4.lve.el8.x86_64
DEBUG util.py:461:  git-core-2.43.7-1.el8_10.x86_64
DEBUG util.py:461:  pkgconf-m4-1.4.2-1.el8.noarch
DEBUG util.py:461:  which-2.21-21.el8_10.x86_64
DEBUG util.py:461:  pcre2-10.32-3.el8_6.x86_64
DEBUG util.py:461:  setup-2.12.2-9.el8.cloudlinux.noarch
DEBUG util.py:461:  basesystem-11-5.el8.noarch
DEBUG util.py:461:  libselinux-2.9-11.el8_10.x86_64
DEBUG util.py:461:  glibc-all-langpacks-2.28-251.el8_10.37.x86_64
DEBUG util.py:461:  glibc-common-2.28-251.el8_10.37.x86_64
DEBUG util.py:461:  libsepol-2.9-3.el8.x86_64
DEBUG util.py:461:  info-6.5-7.el8.x86_64
DEBUG util.py:461:  bzip2-libs-1.0.6-28.el8_10.x86_64
DEBUG util.py:461:  libxcrypt-4.1.1-6.el8.x86_64
DEBUG util.py:461:  sqlite-libs-3.26.0-20.el8_10.x86_64
DEBUG util.py:461:  libcap-2.48-6.el8_10.1.x86_64
DEBUG util.py:461:  elfutils-libelf-0.190-2.el8.alma.1.x86_64
DEBUG util.py:461:  expat-2.5.0-1.el8_10.x86_64
DEBUG util.py:461:  mpfr-3.1.6-1.el8.x86_64
DEBUG util.py:461:  libcom_err-1.45.6-7.el8_10.x86_64
DEBUG util.py:461:  chkconfig-1.19.2-1.el8.x86_64
DEBUG util.py:461:  libattr-2.4.48-3.el8.x86_64
DEBUG util.py:461:  sed-4.5-5.el8_10.x86_64
DEBUG util.py:461:  libunistring-0.9.9-3.el8.x86_64
DEBUG util.py:461:  gdbm-libs-1.18-2.el8.x86_64
DEBUG util.py:461:  libffi-3.1-24.el8.x86_64
DEBUG util.py:461:  libsmartcols-2.32.1-48.el8_10.x86_64
DEBUG util.py:461:  libgcrypt-1.8.5-7.el8_6.x86_64
DEBUG util.py:461:  less-530-3.el8_10.x86_64
DEBUG util.py:461:  audit-libs-3.1.2-1.el8_10.1.x86_64
DEBUG util.py:461:  groff-base-1.22.3-18.el8.x86_64
DEBUG util.py:461:  libassuan-2.5.1-3.el8.x86_64
DEBUG util.py:461:  diffutils-3.6-6.el8.x86_64
DEBUG util.py:461:  keyutils-libs-1.5.10-9.el8.x86_64
DEBUG util.py:461:  p11-kit-trust-0.23.22-2.el8.x86_64
DEBUG util.py:461:  pcre-8.42-6.el8.x86_64
DEBUG util.py:461:  xz-5.2.4-4.el8_6.x86_64
DEBUG util.py:461:  libsemanage-2.9-12.el8_10.x86_64
DEBUG util.py:461:  gdbm-1.18-2.el8.x86_64
DEBUG util.py:461:  acl-2.2.53-3.el8.x86_64
DEBUG util.py:461:  patch-2.7.6-11.el8.x86_64
DEBUG util.py:461:  xml-common-0.6.3-50.el8.noarch
DEBUG util.py:461:  dwz-0.12-10.el8.x86_64
DEBUG util.py:461:  isl-0.16.1-6.el8.x86_64
DEBUG util.py:461:  gnutls-3.6.16-8.el8_10.6.x86_64
DEBUG util.py:461:  zstd-1.4.4-1.el8.x86_64
DEBUG util.py:461:  coreutils-common-8.30-17.el8_10.x86_64
DEBUG util.py:461:  coreutils-8.30-17.el8_10.x86_64
DEBUG util.py:461:  libdb-5.3.28-42.el8_4.x86_64
DEBUG util.py:461:  libmount-2.32.1-48.el8_10.x86_64
DEBUG util.py:461:  glib2-2.56.4-169.el8_10.x86_64
DEBUG util.py:461:  shadow-utils-4.6-23.el8_10.x86_64
DEBUG util.py:461:  cracklib-2.9.6-15.el8.x86_64
DEBUG util.py:461:  binutils-2.30-128.el8_10.x86_64
DEBUG util.py:461:  tpm2-tss-2.3.2-6.el8.x86_64
DEBUG util.py:461:  dbus-glib-0.110-2.el8.x86_64
DEBUG util.py:461:  libusbx-1.0.23-4.el8.x86_64
DEBUG util.py:461:  libfdisk-2.32.1-48.el8_10.x86_64
DEBUG util.py:461:  openssl-1.1.1k-15.el8_6.x86_64
DEBUG util.py:461:  perl-Digest-MD5-2.55-396.el8.x86_64
DEBUG util.py:461:  perl-libnet-3.11-3.el8.noarch
DEBUG util.py:461:  perl-Pod-Escapes-1.07-395.el8.noarch
DEBUG util.py:461:  perl-Mozilla-CA-20160104-7.module_el8.5.0+2812+ed912d05.noarch
DEBUG util.py:461:  perl-Time-Local-1.280-1.el8.noarch
DEBUG util.py:461:  perl-Term-ANSIColor-4.06-396.el8.noarch
DEBUG util.py:461:  perl-File-Temp-0.230.600-1.el8.noarch
DEBUG util.py:461:  perl-HTTP-Tiny-0.074-3.el8.noarch
DEBUG util.py:461:  perl-Pod-Perldoc-3.28-396.el8.noarch
DEBUG util.py:461:  perl-Pod-Usage-1.69-395.el8.noarch
DEBUG util.py:461:  perl-Storable-3.11-3.el8.x86_64
DEBUG util.py:461:  perl-Errno-1.28-423.el8_10.x86_64
DEBUG util.py:461:  perl-Encode-2.97-3.el8.x86_64
DEBUG util.py:461:  perl-Exporter-5.72-396.el8.noarch
DEBUG util.py:461:  perl-Scalar-List-Utils-1.49-2.el8.x86_64
DEBUG util.py:461:  perl-macros-5.26.3-423.el8_10.x86_64
DEBUG util.py:461:  perl-Unicode-Normalize-1.25-396.el8.x86_64
DEBUG util.py:461:  perl-IO-1.38-423.el8_10.x86_64
DEBUG util.py:461:  perl-constant-1.33-396.el8.noarch
DEBUG util.py:461:  perl-threads-shared-1.58-2.el8.x86_64
DEBUG util.py:461:  libarchive-3.3.3-7.el8_10.x86_64
DEBUG util.py:461:  libgomp-8.5.0-28.el8_10.alma.1.x86_64
DEBUG util.py:461:  libatomic_ops-7.6.2-3.el8.x86_64
DEBUG util.py:461:  libipt-1.6.1-8.el8.x86_64
DEBUG util.py:461:  cpio-2.12-11.el8.x86_64
DEBUG util.py:461:  libnghttp2-1.33.0-6.el8_10.2.x86_64
DEBUG util.py:461:  man-db-2.7.6.1-18.el8.x86_64
DEBUG util.py:461:  pkgconf-1.4.2-1.el8.x86_64
DEBUG util.py:461:  libxcrypt-devel-4.1.1-6.el8.x86_64
DEBUG util.py:461:  gcc-8.5.0-28.el8_10.alma.1.x86_64
DEBUG util.py:461:  gcc-plugin-annobin-8.5.0-28.el8_10.alma.1.x86_64
DEBUG util.py:461:  zlib-devel-1.2.11-25.el8.x86_64
DEBUG util.py:461:  libsigsegv-2.11-5.el8.x86_64
DEBUG util.py:461:  libtool-ltdl-2.4.6-25.el8.x86_64
DEBUG util.py:461:  libverto-0.3.2-2.el8.x86_64
DEBUG util.py:461:  libtirpc-1.1.4-12.el8_10.x86_64
DEBUG util.py:461:  platform-python-setuptools-39.2.0-9.el8_10.noarch
DEBUG util.py:461:  python3-libs-3.6.8-76.el8_10.alma.1.x86_64
DEBUG util.py:461:  pam-1.3.1-39.el8_10.x86_64
DEBUG util.py:461:  python3-dbus-1.2.4-15.el8.x86_64
DEBUG util.py:461:  device-mapper-libs-1.02.181-15.el8_10.3.x86_64
DEBUG util.py:461:  elfutils-default-yama-scope-0.190-2.el8.alma.1.noarch
DEBUG util.py:461:  dbus-common-1.12.8-28.el8_10.noarch
DEBUG util.py:461:  systemd-pam-239-82.el8_10.16.x86_64
DEBUG util.py:461:  dbus-1.12.8-28.el8_10.x86_64
DEBUG util.py:461:  libbabeltrace-1.5.4-4.el8.x86_64
DEBUG util.py:461:  openssh-clients-8.0p1-29.el8_10.x86_64
DEBUG util.py:461:  python3-systemd-234-8.el8.x86_64
DEBUG util.py:461:  python3-six-1.11.0-8.el8.noarch
DEBUG util.py:461:  cyrus-sasl-lib-2.1.27-6.el8_5.x86_64
DEBUG util.py:461:  libyaml-0.1.7-5.el8.x86_64
DEBUG util.py:461:  gnupg2-2.2.20-4.el8_10.x86_64
DEBUG util.py:461:  python3-gpg-1.13.1-12.el8.x86_64
DEBUG util.py:461:  libssh-0.9.6-16.el8_10.x86_64
DEBUG util.py:461:  librepo-1.14.2-5.el8.x86_64
DEBUG util.py:461:  rpm-4.14.3-32.el8_10.x86_64
DEBUG util.py:461:  libmodulemd-2.13.0-1.el8.x86_64
DEBUG util.py:461:  libdnf-0.63.0-21.el8_10.alma.1.x86_64
DEBUG util.py:461:  python3-hawkey-0.63.0-21.el8_10.alma.1.x86_64
DEBUG util.py:461:  python3-rpm-4.14.3-32.el8_10.x86_64
DEBUG util.py:461:  efi-srpm-macros-3-3.el8.cloudlinux.noarch
DEBUG util.py:461:  dnf-data-4.7.0-21.el8_10.alma.1.noarch
DEBUG util.py:461:  dnf-4.7.0-21.el8_10.alma.1.noarch
DEBUG util.py:461:  dnf-plugins-core-4.0.21-25.el8.noarch
DEBUG util.py:461:  rust-srpm-macros-5-2.el8.noarch
DEBUG util.py:461:  perl-srpm-macros-1-25.el8.noarch
DEBUG util.py:461:  ocaml-srpm-macros-5-4.el8.noarch
DEBUG util.py:608:  Child return code was: 0
DEBUG util.py:634:  child environment: None
DEBUG util.py:556:  Executing command: case $(rpmbuild --help) in *--noclean*) exit 0; esac; exit 1 with env {'TERM': 'vt100', 'SHELL': '/bin/bash', 'HOME': '/builddir', 'HOSTNAME': 'mock', 'PATH': '/usr/bin:/bin:/usr/sbin:/sbin', 'PROMPT_COMMAND': 'printf "\\033]0;<mock-chroot>\\007"', 'PS1': '<mock-chroot> \\s-\\v\\$ ', 'LANG': 'C.UTF-8'} and shell True
DEBUG util.py:608:  Child return code was: 0
DEBUG util.py:634:  child environment: None
DEBUG file_util.py:18:  ensuring that dir exists: /srv/build-node/mock/085d950e3ee68860fb377cce1c22e8c40243da338f2fd4534e4765cbf1c696d9.0/root/installation-homedir
DEBUG package_manager.py:295:  ['/usr/bin/dnf-3', 'builddep', '--installroot', '/srv/build-node/mock/085d950e3ee68860fb377cce1c22e8c40243da338f2fd4534e4765cbf1c696d9.0/root/', '--releasever', '8', '--setopt=deltarpm=False', '--allowerasing', '--nobest', '--setopt=install_weak_deps=False', '--disableplugin=local', '--disableplugin=spacewalk', '--disableplugin=versionlock', '/srv/build-node/mock/085d950e3ee68860fb377cce1c22e8c40243da338f2fd4534e4765cbf1c696d9.0/root//builddir/build/SRPMS/shim-unsigned-x64-16.1-2.el8.cloudlinux.1.src.rpm']
DEBUG util.py:634:  child environment: None
DEBUG util.py:556:  Executing command: ['/usr/bin/dnf-3', 'builddep', '--installroot', '/srv/build-node/mock/085d950e3ee68860fb377cce1c22e8c40243da338f2fd4534e4765cbf1c696d9.0/root/', '--releasever', '8', '--setopt=deltarpm=False', '--allowerasing', '--nobest', '--setopt=install_weak_deps=False', '--disableplugin=local', '--disableplugin=spacewalk', '--disableplugin=versionlock', '/srv/build-node/mock/085d950e3ee68860fb377cce1c22e8c40243da338f2fd4534e4765cbf1c696d9.0/root//builddir/build/SRPMS/shim-unsigned-x64-16.1-2.el8.cloudlinux.1.src.rpm', '--setopt=tsflags=nocontexts'] with env {'TERM': 'vt100', 'SHELL': '/bin/bash', 'HOME': '/srv/build-node/mock/085d950e3ee68860fb377cce1c22e8c40243da338f2fd4534e4765cbf1c696d9.0/root/installation-homedir', 'HOSTNAME': 'mock', 'PATH': '/usr/bin:/bin:/usr/sbin:/sbin', 'PROMPT_COMMAND': 'printf "\\033]0;<mock-chroot>\\007"', 'PS1': '<mock-chroot> \\s-\\v\\$ ', 'LANG': 'C.UTF-8', 'LC_MESSAGES': 'C.UTF-8'} and shell False
DEBUG util.py:459:  No matches found for the following disable plugin patterns: local, spacewalk, versionlock
DEBUG util.py:461:  Last metadata expiration check: 0:00:05 ago on Sun May 31 13:27:15 2026.
DEBUG util.py:461:  Package findutils-1:4.6.0-24.el8_10.x86_64 is already installed.
DEBUG util.py:461:  Package gcc-8.5.0-28.el8_10.alma.1.x86_64 is already installed.
DEBUG util.py:461:  Package make-1:4.2.1-11.el8.x86_64 is already installed.
DEBUG util.py:461:  Package openssl-1:1.1.1k-15.el8_6.x86_64 is already installed.
DEBUG util.py:461:  Dependencies resolved.
DEBUG util.py:461:  ===============================================================================================
DEBUG util.py:461:   Package                   Arch    Version                   Repository                    Size
DEBUG util.py:461:  ===============================================================================================
DEBUG util.py:461:  Installing:
DEBUG util.py:461:   dos2unix                  x86_64  7.4.0-3.el8               almalinux8-baseos-public     241 k
DEBUG util.py:461:   efitools                  x86_64  1.9.2-9.el8               almalinux8-devel-public      159 k
DEBUG util.py:461:   elfutils-libelf-devel     x86_64  0.190-2.el8.alma.1        almalinux8-baseos-public      61 k
DEBUG util.py:461:   git                       x86_64  2.43.7-1.el8_10           almalinux8-appstream-public   92 k
DEBUG util.py:461:   openssl-devel             x86_64  1:1.1.1k-15.el8_6         almalinux8-baseos-public     2.3 M
DEBUG util.py:461:   pesign                    x86_64  0.112-27.el8_7            almalinux8-appstream-public  179 k
DEBUG util.py:461:  Installing dependencies:
DEBUG util.py:461:   crypto-policies-scripts   noarch  20230731-1.git3177e06.el8 almalinux8-baseos-public      83 k
DEBUG util.py:461:   efivar-libs               x86_64  37-4.el8                  almalinux8-baseos-public     107 k
DEBUG util.py:461:   emacs-filesystem          noarch  1:26.1-15.el8_10          almalinux8-baseos-public      70 k
DEBUG util.py:461:   git-core-doc              noarch  2.43.7-1.el8_10           almalinux8-appstream-public  3.1 M
DEBUG util.py:461:   keyutils-libs-devel       x86_64  1.5.10-9.el8              almalinux8-baseos-public      47 k
DEBUG util.py:461:   krb5-devel                x86_64  1.18.2-34.el8_10          almalinux8-baseos-public     562 k
DEBUG util.py:461:   libcom_err-devel          x86_64  1.45.6-7.el8_10           almalinux8-baseos-public      38 k
DEBUG util.py:461:   libkadm5                  x86_64  1.18.2-34.el8_10          almalinux8-baseos-public     188 k
DEBUG util.py:461:   libselinux-devel          x86_64  2.9-11.el8_10             almalinux8-baseos-public     199 k
DEBUG util.py:461:   libsepol-devel            x86_64  2.9-3.el8                 almalinux8-baseos-public      86 k
DEBUG util.py:461:   libverto-devel            x86_64  0.3.2-2.el8               almalinux8-baseos-public      17 k
DEBUG util.py:461:   libzstd-devel             x86_64  1.4.4-1.el8               almalinux8-baseos-public      43 k
DEBUG util.py:461:   mtools                    x86_64  4.0.18-15.el8_6           almalinux8-baseos-public     212 k
DEBUG util.py:461:   nspr                      x86_64  4.36.0-2.el8_10           almalinux8-appstream-public  142 k
DEBUG util.py:461:   nss                       x86_64  3.112.0-8.el8_10          almalinux8-appstream-public  772 k
DEBUG util.py:461:   nss-softokn               x86_64  3.112.0-8.el8_10          almalinux8-appstream-public  543 k
DEBUG util.py:461:   nss-softokn-freebl        x86_64  3.112.0-8.el8_10          almalinux8-appstream-public  481 k
DEBUG util.py:461:   nss-sysinit               x86_64  3.112.0-8.el8_10          almalinux8-appstream-public   77 k
DEBUG util.py:461:   nss-tools                 x86_64  3.112.0-8.el8_10          almalinux8-appstream-public  600 k
DEBUG util.py:461:   nss-util                  x86_64  3.112.0-8.el8_10          almalinux8-appstream-public  143 k
DEBUG util.py:461:   parted                    x86_64  3.2-39.el8                almalinux8-baseos-public     554 k
DEBUG util.py:461:   pcre2-devel               x86_64  10.32-3.el8_6             almalinux8-baseos-public     604 k
DEBUG util.py:461:   pcre2-utf16               x86_64  10.32-3.el8_6             almalinux8-baseos-public     228 k
DEBUG util.py:461:   pcre2-utf32               x86_64  10.32-3.el8_6             almalinux8-baseos-public     219 k
DEBUG util.py:461:   perl-Error                noarch  1:0.17025-2.el8           almalinux8-appstream-public   46 k
DEBUG util.py:461:   perl-Git                  noarch  2.43.7-1.el8_10           almalinux8-appstream-public   78 k
DEBUG util.py:461:   perl-TermReadKey          x86_64  2.37-7.el8                almalinux8-appstream-public   40 k
DEBUG util.py:461:  Transaction Summary
DEBUG util.py:461:  ===============================================================================================
DEBUG util.py:461:  Install  33 Packages
DEBUG util.py:461:  Total download size: 12 M
DEBUG util.py:461:  Installed size: 36 M
DEBUG util.py:461:  Downloading Packages:
DEBUG util.py:461:  --------------------------------------------------------------------------------
DEBUG util.py:461:  Total                                            48 MB/s |  12 MB     00:00     
DEBUG util.py:461:  Running transaction check
DEBUG util.py:461:  Transaction check succeeded.
DEBUG util.py:461:  Running transaction test
DEBUG util.py:461:  Transaction test succeeded.
DEBUG util.py:461:  Running transaction
DEBUG util.py:461:  Installed:
DEBUG util.py:461:    crypto-policies-scripts-20230731-1.git3177e06.el8.noarch                      
DEBUG util.py:461:    dos2unix-7.4.0-3.el8.x86_64                                                   
DEBUG util.py:461:    efitools-1.9.2-9.el8.x86_64                                                   
DEBUG util.py:461:    efivar-libs-37-4.el8.x86_64                                                   
DEBUG util.py:461:    elfutils-libelf-devel-0.190-2.el8.alma.1.x86_64                               
DEBUG util.py:461:    emacs-filesystem-1:26.1-15.el8_10.noarch                                      
DEBUG util.py:461:    git-2.43.7-1.el8_10.x86_64                                                    
DEBUG util.py:461:    git-core-doc-2.43.7-1.el8_10.noarch                                           
DEBUG util.py:461:    keyutils-libs-devel-1.5.10-9.el8.x86_64                                       
DEBUG util.py:461:    krb5-devel-1.18.2-34.el8_10.x86_64                                            
DEBUG util.py:461:    libcom_err-devel-1.45.6-7.el8_10.x86_64                                       
DEBUG util.py:461:    libkadm5-1.18.2-34.el8_10.x86_64                                              
DEBUG util.py:461:    libselinux-devel-2.9-11.el8_10.x86_64                                         
DEBUG util.py:461:    libsepol-devel-2.9-3.el8.x86_64                                               
DEBUG util.py:461:    libverto-devel-0.3.2-2.el8.x86_64                                             
DEBUG util.py:461:    libzstd-devel-1.4.4-1.el8.x86_64                                              
DEBUG util.py:461:    mtools-4.0.18-15.el8_6.x86_64                                                 
DEBUG util.py:461:    nspr-4.36.0-2.el8_10.x86_64                                                   
DEBUG util.py:461:    nss-3.112.0-8.el8_10.x86_64                                                   
DEBUG util.py:461:    nss-softokn-3.112.0-8.el8_10.x86_64                                           
DEBUG util.py:461:    nss-softokn-freebl-3.112.0-8.el8_10.x86_64                                    
DEBUG util.py:461:    nss-sysinit-3.112.0-8.el8_10.x86_64                                           
DEBUG util.py:461:    nss-tools-3.112.0-8.el8_10.x86_64                                             
DEBUG util.py:461:    nss-util-3.112.0-8.el8_10.x86_64                                              
DEBUG util.py:461:    openssl-devel-1:1.1.1k-15.el8_6.x86_64                                        
DEBUG util.py:461:    parted-3.2-39.el8.x86_64                                                      
DEBUG util.py:461:    pcre2-devel-10.32-3.el8_6.x86_64                                              
DEBUG util.py:461:    pcre2-utf16-10.32-3.el8_6.x86_64                                              
DEBUG util.py:461:    pcre2-utf32-10.32-3.el8_6.x86_64                                              
DEBUG util.py:461:    perl-Error-1:0.17025-2.el8.noarch                                             
DEBUG util.py:461:    perl-Git-2.43.7-1.el8_10.noarch                                               
DEBUG util.py:461:    perl-TermReadKey-2.37-7.el8.x86_64                                            
DEBUG util.py:461:    pesign-0.112-27.el8_7.x86_64                                                  
DEBUG util.py:461:  Complete!
DEBUG util.py:608:  Child return code was: 0
DEBUG util.py:183:  kill orphans in chroot /srv/build-node/mock/085d950e3ee68860fb377cce1c22e8c40243da338f2fd4534e4765cbf1c696d9.0/root
DEBUG util.py:634:  child environment: None
DEBUG util.py:556:  Executing command: ['/bin/rpm', '-qa', '--root', '/srv/build-node/mock/085d950e3ee68860fb377cce1c22e8c40243da338f2fd4534e4765cbf1c696d9.0/root'] with env {'TERM': 'vt100', 'SHELL': '/bin/sh', 'HOME': '/builddir', 'HOSTNAME': 'mock', 'PATH': '/usr/bin:/bin:/usr/sbin:/sbin', 'LANG': 'C.UTF-8'} and shell False
DEBUG util.py:461:  ghc-srpm-macros-1.4.2-7.el8.noarch
DEBUG util.py:461:  crypto-policies-20230731-1.git3177e06.el8.noarch
DEBUG util.py:461:  cmake-filesystem-3.26.5-2.el8.x86_64
DEBUG util.py:461:  tzdata-2026b-1.el8.noarch
DEBUG util.py:461:  rpm-build-4.14.3-32.el8_10.x86_64
DEBUG util.py:461:  python3-pip-wheel-9.0.3-24.el8.noarch
DEBUG util.py:461:  kernel-rpm-macros-131-1.el8.cloudlinux.noarch
DEBUG util.py:461:  python3-rpm-macros-3-45.el8.noarch
DEBUG util.py:461:  scl-utils-2.0.2-16.el8.x86_64
DEBUG util.py:461:  publicsuffix-list-dafsa-20180723-1.el8.noarch
DEBUG util.py:461:  gcc-c++-8.5.0-28.el8_10.alma.1.x86_64
DEBUG util.py:461:  ncurses-base-6.1-10.20180224.el8.noarch
DEBUG util.py:461:  make-4.2.1-11.el8.x86_64
DEBUG util.py:461:  cloudlinux-release-8.10-14.el8.x86_64
DEBUG util.py:461:  nss-util-3.112.0-8.el8_10.x86_64
DEBUG util.py:461:  filesystem-3.8-6.el8.x86_64
DEBUG util.py:461:  nss-softokn-3.112.0-8.el8_10.x86_64
DEBUG util.py:461:  ncurses-libs-6.1-10.20180224.el8.x86_64
DEBUG util.py:461:  pcre2-utf16-10.32-3.el8_6.x86_64
DEBUG util.py:461:  bash-4.4.20-6.el8_10.x86_64
DEBUG util.py:461:  parted-3.2-39.el8.x86_64
DEBUG util.py:461:  glibc-gconv-extra-2.28-251.el8_10.37.x86_64
DEBUG util.py:461:  libzstd-devel-1.4.4-1.el8.x86_64
DEBUG util.py:461:  glibc-2.28-251.el8_10.37.x86_64
DEBUG util.py:461:  libsepol-devel-2.9-3.el8.x86_64
DEBUG util.py:461:  zlib-1.2.11-25.el8.x86_64
DEBUG util.py:461:  libkadm5-1.18.2-34.el8_10.x86_64
DEBUG util.py:461:  xz-libs-5.2.4-4.el8_6.x86_64
DEBUG util.py:461:  keyutils-libs-devel-1.5.10-9.el8.x86_64
DEBUG util.py:461:  libstdc++-8.5.0-28.el8_10.alma.1.x86_64
DEBUG util.py:461:  emacs-filesystem-26.1-15.el8_10.noarch
DEBUG util.py:461:  gmp-6.1.2-11.el8.x86_64
DEBUG util.py:461:  crypto-policies-scripts-20230731-1.git3177e06.el8.noarch
DEBUG util.py:461:  libgpg-error-1.31-1.el8.x86_64
DEBUG util.py:461:  nss-sysinit-3.112.0-8.el8_10.x86_64
DEBUG util.py:461:  libzstd-1.4.4-1.el8.x86_64
DEBUG util.py:461:  perl-TermReadKey-2.37-7.el8.x86_64
DEBUG util.py:461:  libxml2-2.9.7-21.el8_10.4.x86_64
DEBUG util.py:461:  git-core-doc-2.43.7-1.el8_10.noarch
DEBUG util.py:461:  popt-1.18-1.el8.x86_64
DEBUG util.py:461:  git-2.43.7-1.el8_10.x86_64
DEBUG util.py:461:  readline-7.0-10.el8.x86_64
DEBUG util.py:461:  openssl-devel-1.1.1k-15.el8_6.x86_64
DEBUG util.py:461:  libuuid-2.32.1-48.el8_10.x86_64
DEBUG util.py:461:  efitools-1.9.2-9.el8.x86_64
DEBUG util.py:461:  file-libs-5.33-27.el8_10.x86_64
DEBUG util.py:461:  libacl-2.2.53-3.el8.x86_64
DEBUG util.py:461:  lua-libs-5.3.4-12.el8.x86_64
DEBUG util.py:461:  libidn2-2.2.0-1.el8.x86_64
DEBUG util.py:461:  json-c-0.13.1-3.el8.x86_64
DEBUG util.py:461:  p11-kit-0.23.22-2.el8.x86_64
DEBUG util.py:461:  libmpc-1.1.0-9.1.el8.x86_64
DEBUG util.py:461:  findutils-4.6.0-24.el8_10.x86_64
DEBUG util.py:461:  libcap-ng-0.7.11-1.el8.x86_64
DEBUG util.py:461:  lz4-libs-1.8.3-5.el8_10.x86_64
DEBUG util.py:461:  file-5.33-27.el8_10.x86_64
DEBUG util.py:461:  unzip-6.0-48.el8_10.x86_64
DEBUG util.py:461:  glibc-headers-2.28-251.el8_10.37.x86_64
DEBUG util.py:461:  libtasn1-4.13-5.el8_10.x86_64
DEBUG util.py:461:  ncurses-6.1-10.20180224.el8.x86_64
DEBUG util.py:461:  grep-3.1-6.el8.x86_64
DEBUG util.py:461:  zip-3.0-23.el8.x86_64
DEBUG util.py:461:  cpp-8.5.0-28.el8_10.alma.1.x86_64
DEBUG util.py:461:  libpsl-0.20.2-6.el8.x86_64
DEBUG util.py:461:  tar-1.30-11.el8_10.x86_64
DEBUG util.py:461:  libcomps-0.1.18-1.el8.x86_64
DEBUG util.py:461:  iso-codes-3.79-2.el8.noarch
DEBUG util.py:461:  libksba-1.3.5-9.el8_7.x86_64
DEBUG util.py:461:  nettle-3.4.1-7.el8.x86_64
DEBUG util.py:461:  libstdc++-devel-8.5.0-28.el8_10.alma.1.x86_64
DEBUG util.py:461:  bzip2-1.0.6-28.el8_10.x86_64
DEBUG util.py:461:  openssl-libs-1.1.1k-15.el8_6.x86_64
DEBUG util.py:461:  ca-certificates-2025.2.80_v9.0.304-80.2.el8_10.noarch
DEBUG util.py:461:  libblkid-2.32.1-48.el8_10.x86_64
DEBUG util.py:461:  systemd-libs-239-82.el8_10.16.x86_64
DEBUG util.py:461:  dbus-libs-1.12.8-28.el8_10.x86_64
DEBUG util.py:461:  gzip-1.9-13.el8_5.x86_64
DEBUG util.py:461:  cracklib-dicts-2.9.6-15.el8.x86_64
DEBUG util.py:461:  libutempter-1.1.6-14.el8.x86_64
DEBUG util.py:461:  ima-evm-utils-1.3.2-12.el8.x86_64
DEBUG util.py:461:  dbus-tools-1.12.8-28.el8_10.x86_64
DEBUG util.py:461:  procps-ng-3.3.15-14.el8.x86_64
DEBUG util.py:461:  libdb-utils-5.3.28-42.el8_4.x86_64
DEBUG util.py:461:  perl-Digest-1.17-395.el8.noarch
DEBUG util.py:461:  perl-Data-Dumper-2.167-399.el8.x86_64
DEBUG util.py:461:  perl-URI-1.73-3.el8.noarch
DEBUG util.py:461:  perl-Net-SSLeay-1.88-2.module_el8.6.0+2811+fe6c84b0.x86_64
DEBUG util.py:461:  perl-IO-Socket-IP-0.39-5.el8.noarch
DEBUG util.py:461:  perl-IO-Socket-SSL-2.066-4.module_el8.6.0+2811+fe6c84b0.noarch
DEBUG util.py:461:  perl-Term-Cap-1.17-395.el8.noarch
DEBUG util.py:461:  perl-Pod-Simple-3.35-395.el8.noarch
DEBUG util.py:461:  perl-podlators-4.11-1.el8.noarch
DEBUG util.py:461:  perl-Text-ParseWords-3.30-395.el8.noarch
DEBUG util.py:461:  perl-MIME-Base64-3.15-396.el8.x86_64
DEBUG util.py:461:  perl-Getopt-Long-2.50-4.el8.noarch
DEBUG util.py:461:  perl-Socket-2.027-3.el8.x86_64
DEBUG util.py:461:  perl-Carp-1.42-396.el8.noarch
DEBUG util.py:461:  perl-libs-5.26.3-423.el8_10.x86_64
DEBUG util.py:461:  perl-parent-0.237-1.el8.noarch
DEBUG util.py:461:  perl-Text-Tabs+Wrap-2013.0523-395.el8.noarch
DEBUG util.py:461:  perl-File-Path-2.15-2.el8.noarch
DEBUG util.py:461:  perl-PathTools-3.74-1.el8.x86_64
DEBUG util.py:461:  perl-threads-2.21-2.el8.x86_64
DEBUG util.py:461:  perl-interpreter-5.26.3-423.el8_10.x86_64
DEBUG util.py:461:  kmod-libs-25-20.el8.cloudlinux.1.x86_64
DEBUG util.py:461:  tcl-8.6.8-2.el8.x86_64
DEBUG util.py:461:  gc-7.6.4-3.el8.x86_64
DEBUG util.py:461:  brotli-1.0.6-4.el8_10.x86_64
DEBUG util.py:461:  libedit-3.1-23.20170329cvs.el8.x86_64
DEBUG util.py:461:  libpipeline-1.5.0-2.el8.x86_64
DEBUG util.py:461:  libpkgconf-1.4.2-1.el8.x86_64
DEBUG util.py:461:  pkgconf-pkg-config-1.4.2-1.el8.x86_64
DEBUG util.py:461:  glibc-devel-2.28-251.el8_10.37.x86_64
DEBUG util.py:461:  annobin-11.13-2.el8.x86_64
DEBUG util.py:461:  xz-devel-5.2.4-4.el8_6.x86_64
DEBUG util.py:461:  libseccomp-2.5.2-1.el8.x86_64
DEBUG util.py:461:  gawk-4.2.1-4.el8.x86_64
DEBUG util.py:461:  guile-2.0.14-7.el8.x86_64
DEBUG util.py:461:  krb5-libs-1.18.2-34.el8_10.x86_64
DEBUG util.py:461:  libnsl2-1.2.0-2.20180605git4a062cf.el8.x86_64
DEBUG util.py:461:  platform-python-3.6.8-76.el8_10.alma.1.x86_64
DEBUG util.py:461:  libpwquality-1.4.4-6.el8.x86_64
DEBUG util.py:461:  util-linux-2.32.1-48.el8_10.x86_64
DEBUG util.py:461:  device-mapper-1.02.181-15.el8_10.3.x86_64
DEBUG util.py:461:  cryptsetup-libs-2.3.7-7.el8.x86_64
DEBUG util.py:461:  elfutils-libs-0.190-2.el8.alma.1.x86_64
DEBUG util.py:461:  dbus-daemon-1.12.8-28.el8_10.x86_64
DEBUG util.py:461:  systemd-239-82.el8_10.16.x86_64
DEBUG util.py:461:  elfutils-0.190-2.el8.alma.1.x86_64
DEBUG util.py:461:  openssh-8.0p1-29.el8_10.x86_64
DEBUG util.py:461:  python3-libcomps-0.1.18-1.el8.x86_64
DEBUG util.py:461:  environment-modules-4.5.2-4.el8.x86_64
DEBUG util.py:461:  python3-dateutil-2.6.1-6.el8.noarch
DEBUG util.py:461:  openldap-2.4.46-21.el8_10.x86_64
DEBUG util.py:461:  npth-1.5-4.el8.x86_64
DEBUG util.py:461:  gpgme-1.13.1-12.el8.x86_64
DEBUG util.py:461:  libssh-config-0.9.6-16.el8_10.noarch
DEBUG util.py:461:  libcurl-7.61.1-34.el8_10.11.x86_64
DEBUG util.py:461:  curl-7.61.1-34.el8_10.11.x86_64
DEBUG util.py:461:  rpm-libs-4.14.3-32.el8_10.x86_64
DEBUG util.py:461:  libsolv-0.7.20-6.el8.x86_64
DEBUG util.py:461:  python3-libdnf-0.63.0-21.el8_10.alma.1.x86_64
DEBUG util.py:461:  rpm-build-libs-4.14.3-32.el8_10.x86_64
DEBUG util.py:461:  gdb-headless-8.2-20.el8.x86_64
DEBUG util.py:461:  libreport-filesystem-2.9.5-15.el8.alma.1.x86_64
DEBUG util.py:461:  python3-dnf-4.7.0-21.el8_10.alma.1.noarch
DEBUG util.py:461:  python3-dnf-plugins-core-4.0.21-25.el8.noarch
DEBUG util.py:461:  yum-utils-4.0.21-25.el8.noarch
DEBUG util.py:461:  qt5-srpm-macros-5.15.3-1.el8.noarch
DEBUG util.py:461:  openblas-srpm-macros-2-2.el8.noarch
DEBUG util.py:461:  go-srpm-macros-2-17.el8.noarch
DEBUG util.py:461:  libgcc-8.5.0-28.el8_10.alma.1.x86_64
DEBUG util.py:461:  redhat-rpm-config-131-1.el8.cloudlinux.noarch
DEBUG util.py:461:  python-srpm-macros-3-45.el8.noarch
DEBUG util.py:461:  libxml2-devel-2.9.7-21.el8_10.4.x86_64
DEBUG util.py:461:  python3-setuptools-wheel-39.2.0-9.el8_10.noarch
DEBUG util.py:461:  scl-utils-build-2.0.2-16.el8.x86_64
DEBUG util.py:461:  python-rpm-macros-3-45.el8.noarch
DEBUG util.py:461:  alt-build-macros-1-13.el8.noarch
DEBUG util.py:461:  kernel-headers-4.18.0-553.124.4.lve.el8.x86_64
DEBUG util.py:461:  git-core-2.43.7-1.el8_10.x86_64
DEBUG util.py:461:  pkgconf-m4-1.4.2-1.el8.noarch
DEBUG util.py:461:  which-2.21-21.el8_10.x86_64
DEBUG util.py:461:  pcre2-10.32-3.el8_6.x86_64
DEBUG util.py:461:  nspr-4.36.0-2.el8_10.x86_64
DEBUG util.py:461:  setup-2.12.2-9.el8.cloudlinux.noarch
DEBUG util.py:461:  nss-softokn-freebl-3.112.0-8.el8_10.x86_64
DEBUG util.py:461:  basesystem-11-5.el8.noarch
DEBUG util.py:461:  pcre2-utf32-10.32-3.el8_6.x86_64
DEBUG util.py:461:  libselinux-2.9-11.el8_10.x86_64
DEBUG util.py:461:  pcre2-devel-10.32-3.el8_6.x86_64
DEBUG util.py:461:  glibc-all-langpacks-2.28-251.el8_10.37.x86_64
DEBUG util.py:461:  mtools-4.0.18-15.el8_6.x86_64
DEBUG util.py:461:  glibc-common-2.28-251.el8_10.37.x86_64
DEBUG util.py:461:  libverto-devel-0.3.2-2.el8.x86_64
DEBUG util.py:461:  libsepol-2.9-3.el8.x86_64
DEBUG util.py:461:  libselinux-devel-2.9-11.el8_10.x86_64
DEBUG util.py:461:  info-6.5-7.el8.x86_64
DEBUG util.py:461:  libcom_err-devel-1.45.6-7.el8_10.x86_64
DEBUG util.py:461:  bzip2-libs-1.0.6-28.el8_10.x86_64
DEBUG util.py:461:  krb5-devel-1.18.2-34.el8_10.x86_64
DEBUG util.py:461:  libxcrypt-4.1.1-6.el8.x86_64
DEBUG util.py:461:  efivar-libs-37-4.el8.x86_64
DEBUG util.py:461:  sqlite-libs-3.26.0-20.el8_10.x86_64
DEBUG util.py:461:  nss-3.112.0-8.el8_10.x86_64
DEBUG util.py:461:  libcap-2.48-6.el8_10.1.x86_64
DEBUG util.py:461:  nss-tools-3.112.0-8.el8_10.x86_64
DEBUG util.py:461:  elfutils-libelf-0.190-2.el8.alma.1.x86_64
DEBUG util.py:461:  perl-Error-0.17025-2.el8.noarch
DEBUG util.py:461:  expat-2.5.0-1.el8_10.x86_64
DEBUG util.py:461:  perl-Git-2.43.7-1.el8_10.noarch
DEBUG util.py:461:  mpfr-3.1.6-1.el8.x86_64
DEBUG util.py:461:  pesign-0.112-27.el8_7.x86_64
DEBUG util.py:461:  libcom_err-1.45.6-7.el8_10.x86_64
DEBUG util.py:461:  elfutils-libelf-devel-0.190-2.el8.alma.1.x86_64
DEBUG util.py:461:  chkconfig-1.19.2-1.el8.x86_64
DEBUG util.py:461:  dos2unix-7.4.0-3.el8.x86_64
DEBUG util.py:461:  libattr-2.4.48-3.el8.x86_64
DEBUG util.py:461:  sed-4.5-5.el8_10.x86_64
DEBUG util.py:461:  libunistring-0.9.9-3.el8.x86_64
DEBUG util.py:461:  gdbm-libs-1.18-2.el8.x86_64
DEBUG util.py:461:  libffi-3.1-24.el8.x86_64
DEBUG util.py:461:  libsmartcols-2.32.1-48.el8_10.x86_64
DEBUG util.py:461:  libgcrypt-1.8.5-7.el8_6.x86_64
DEBUG util.py:461:  less-530-3.el8_10.x86_64
DEBUG util.py:461:  audit-libs-3.1.2-1.el8_10.1.x86_64
DEBUG util.py:461:  groff-base-1.22.3-18.el8.x86_64
DEBUG util.py:461:  libassuan-2.5.1-3.el8.x86_64
DEBUG util.py:461:  diffutils-3.6-6.el8.x86_64
DEBUG util.py:461:  keyutils-libs-1.5.10-9.el8.x86_64
DEBUG util.py:461:  p11-kit-trust-0.23.22-2.el8.x86_64
DEBUG util.py:461:  pcre-8.42-6.el8.x86_64
DEBUG util.py:461:  xz-5.2.4-4.el8_6.x86_64
DEBUG util.py:461:  libsemanage-2.9-12.el8_10.x86_64
DEBUG util.py:461:  gdbm-1.18-2.el8.x86_64
DEBUG util.py:461:  acl-2.2.53-3.el8.x86_64
DEBUG util.py:461:  patch-2.7.6-11.el8.x86_64
DEBUG util.py:461:  xml-common-0.6.3-50.el8.noarch
DEBUG util.py:461:  dwz-0.12-10.el8.x86_64
DEBUG util.py:461:  isl-0.16.1-6.el8.x86_64
DEBUG util.py:461:  gnutls-3.6.16-8.el8_10.6.x86_64
DEBUG util.py:461:  zstd-1.4.4-1.el8.x86_64
DEBUG util.py:461:  coreutils-common-8.30-17.el8_10.x86_64
DEBUG util.py:461:  coreutils-8.30-17.el8_10.x86_64
DEBUG util.py:461:  libdb-5.3.28-42.el8_4.x86_64
DEBUG util.py:461:  libmount-2.32.1-48.el8_10.x86_64
DEBUG util.py:461:  glib2-2.56.4-169.el8_10.x86_64
DEBUG util.py:461:  shadow-utils-4.6-23.el8_10.x86_64
DEBUG util.py:461:  cracklib-2.9.6-15.el8.x86_64
DEBUG util.py:461:  binutils-2.30-128.el8_10.x86_64
DEBUG util.py:461:  tpm2-tss-2.3.2-6.el8.x86_64
DEBUG util.py:461:  dbus-glib-0.110-2.el8.x86_64
DEBUG util.py:461:  libusbx-1.0.23-4.el8.x86_64
DEBUG util.py:461:  libfdisk-2.32.1-48.el8_10.x86_64
DEBUG util.py:461:  openssl-1.1.1k-15.el8_6.x86_64
DEBUG util.py:461:  perl-Digest-MD5-2.55-396.el8.x86_64
DEBUG util.py:461:  perl-libnet-3.11-3.el8.noarch
DEBUG util.py:461:  perl-Pod-Escapes-1.07-395.el8.noarch
DEBUG util.py:461:  perl-Mozilla-CA-20160104-7.module_el8.5.0+2812+ed912d05.noarch
DEBUG util.py:461:  perl-Time-Local-1.280-1.el8.noarch
DEBUG util.py:461:  perl-Term-ANSIColor-4.06-396.el8.noarch
DEBUG util.py:461:  perl-File-Temp-0.230.600-1.el8.noarch
DEBUG util.py:461:  perl-HTTP-Tiny-0.074-3.el8.noarch
DEBUG util.py:461:  perl-Pod-Perldoc-3.28-396.el8.noarch
DEBUG util.py:461:  perl-Pod-Usage-1.69-395.el8.noarch
DEBUG util.py:461:  perl-Storable-3.11-3.el8.x86_64
DEBUG util.py:461:  perl-Errno-1.28-423.el8_10.x86_64
DEBUG util.py:461:  perl-Encode-2.97-3.el8.x86_64
DEBUG util.py:461:  perl-Exporter-5.72-396.el8.noarch
DEBUG util.py:461:  perl-Scalar-List-Utils-1.49-2.el8.x86_64
DEBUG util.py:461:  perl-macros-5.26.3-423.el8_10.x86_64
DEBUG util.py:461:  perl-Unicode-Normalize-1.25-396.el8.x86_64
DEBUG util.py:461:  perl-IO-1.38-423.el8_10.x86_64
DEBUG util.py:461:  perl-constant-1.33-396.el8.noarch
DEBUG util.py:461:  perl-threads-shared-1.58-2.el8.x86_64
DEBUG util.py:461:  libarchive-3.3.3-7.el8_10.x86_64
DEBUG util.py:461:  libgomp-8.5.0-28.el8_10.alma.1.x86_64
DEBUG util.py:461:  libatomic_ops-7.6.2-3.el8.x86_64
DEBUG util.py:461:  libipt-1.6.1-8.el8.x86_64
DEBUG util.py:461:  cpio-2.12-11.el8.x86_64
DEBUG util.py:461:  libnghttp2-1.33.0-6.el8_10.2.x86_64
DEBUG util.py:461:  man-db-2.7.6.1-18.el8.x86_64
DEBUG util.py:461:  pkgconf-1.4.2-1.el8.x86_64
DEBUG util.py:461:  libxcrypt-devel-4.1.1-6.el8.x86_64
DEBUG util.py:461:  gcc-8.5.0-28.el8_10.alma.1.x86_64
DEBUG util.py:461:  gcc-plugin-annobin-8.5.0-28.el8_10.alma.1.x86_64
DEBUG util.py:461:  zlib-devel-1.2.11-25.el8.x86_64
DEBUG util.py:461:  libsigsegv-2.11-5.el8.x86_64
DEBUG util.py:461:  libtool-ltdl-2.4.6-25.el8.x86_64
DEBUG util.py:461:  libverto-0.3.2-2.el8.x86_64
DEBUG util.py:461:  libtirpc-1.1.4-12.el8_10.x86_64
DEBUG util.py:461:  platform-python-setuptools-39.2.0-9.el8_10.noarch
DEBUG util.py:461:  python3-libs-3.6.8-76.el8_10.alma.1.x86_64
DEBUG util.py:461:  pam-1.3.1-39.el8_10.x86_64
DEBUG util.py:461:  python3-dbus-1.2.4-15.el8.x86_64
DEBUG util.py:461:  device-mapper-libs-1.02.181-15.el8_10.3.x86_64
DEBUG util.py:461:  elfutils-default-yama-scope-0.190-2.el8.alma.1.noarch
DEBUG util.py:461:  dbus-common-1.12.8-28.el8_10.noarch
DEBUG util.py:461:  systemd-pam-239-82.el8_10.16.x86_64
DEBUG util.py:461:  dbus-1.12.8-28.el8_10.x86_64
DEBUG util.py:461:  libbabeltrace-1.5.4-4.el8.x86_64
DEBUG util.py:461:  openssh-clients-8.0p1-29.el8_10.x86_64
DEBUG util.py:461:  python3-systemd-234-8.el8.x86_64
DEBUG util.py:461:  python3-six-1.11.0-8.el8.noarch
DEBUG util.py:461:  cyrus-sasl-lib-2.1.27-6.el8_5.x86_64
DEBUG util.py:461:  libyaml-0.1.7-5.el8.x86_64
DEBUG util.py:461:  gnupg2-2.2.20-4.el8_10.x86_64
DEBUG util.py:461:  python3-gpg-1.13.1-12.el8.x86_64
DEBUG util.py:461:  libssh-0.9.6-16.el8_10.x86_64
DEBUG util.py:461:  librepo-1.14.2-5.el8.x86_64
DEBUG util.py:461:  rpm-4.14.3-32.el8_10.x86_64
DEBUG util.py:461:  libmodulemd-2.13.0-1.el8.x86_64
DEBUG util.py:461:  libdnf-0.63.0-21.el8_10.alma.1.x86_64
DEBUG util.py:461:  python3-hawkey-0.63.0-21.el8_10.alma.1.x86_64
DEBUG util.py:461:  python3-rpm-4.14.3-32.el8_10.x86_64
DEBUG util.py:461:  efi-srpm-macros-3-3.el8.cloudlinux.noarch
DEBUG util.py:461:  dnf-data-4.7.0-21.el8_10.alma.1.noarch
DEBUG util.py:461:  dnf-4.7.0-21.el8_10.alma.1.noarch
DEBUG util.py:461:  dnf-plugins-core-4.0.21-25.el8.noarch
DEBUG util.py:461:  rust-srpm-macros-5-2.el8.noarch
DEBUG util.py:461:  perl-srpm-macros-1-25.el8.noarch
DEBUG util.py:461:  ocaml-srpm-macros-5-4.el8.noarch
DEBUG util.py:608:  Child return code was: 0
DEBUG util.py:634:  child environment: None
DEBUG util.py:556:  Executing command: ['/bin/rpm', '-qa', '--root', '/srv/build-node/mock/085d950e3ee68860fb377cce1c22e8c40243da338f2fd4534e4765cbf1c696d9.0/root'] with env {'TERM': 'vt100', 'SHELL': '/bin/sh', 'HOME': '/builddir', 'HOSTNAME': 'mock', 'PATH': '/usr/bin:/bin:/usr/sbin:/sbin', 'LANG': 'C.UTF-8'} and shell False
DEBUG util.py:461:  ghc-srpm-macros-1.4.2-7.el8.noarch
DEBUG util.py:461:  crypto-policies-20230731-1.git3177e06.el8.noarch
DEBUG util.py:461:  cmake-filesystem-3.26.5-2.el8.x86_64
DEBUG util.py:461:  tzdata-2026b-1.el8.noarch
DEBUG util.py:461:  rpm-build-4.14.3-32.el8_10.x86_64
DEBUG util.py:461:  python3-pip-wheel-9.0.3-24.el8.noarch
DEBUG util.py:461:  kernel-rpm-macros-131-1.el8.cloudlinux.noarch
DEBUG util.py:461:  python3-rpm-macros-3-45.el8.noarch
DEBUG util.py:461:  scl-utils-2.0.2-16.el8.x86_64
DEBUG util.py:461:  publicsuffix-list-dafsa-20180723-1.el8.noarch
DEBUG util.py:461:  gcc-c++-8.5.0-28.el8_10.alma.1.x86_64
DEBUG util.py:461:  ncurses-base-6.1-10.20180224.el8.noarch
DEBUG util.py:461:  make-4.2.1-11.el8.x86_64
DEBUG util.py:461:  cloudlinux-release-8.10-14.el8.x86_64
DEBUG util.py:461:  nss-util-3.112.0-8.el8_10.x86_64
DEBUG util.py:461:  filesystem-3.8-6.el8.x86_64
DEBUG util.py:461:  nss-softokn-3.112.0-8.el8_10.x86_64
DEBUG util.py:461:  ncurses-libs-6.1-10.20180224.el8.x86_64
DEBUG util.py:461:  pcre2-utf16-10.32-3.el8_6.x86_64
DEBUG util.py:461:  bash-4.4.20-6.el8_10.x86_64
DEBUG util.py:461:  parted-3.2-39.el8.x86_64
DEBUG util.py:461:  glibc-gconv-extra-2.28-251.el8_10.37.x86_64
DEBUG util.py:461:  libzstd-devel-1.4.4-1.el8.x86_64
DEBUG util.py:461:  glibc-2.28-251.el8_10.37.x86_64
DEBUG util.py:461:  libsepol-devel-2.9-3.el8.x86_64
DEBUG util.py:461:  zlib-1.2.11-25.el8.x86_64
DEBUG util.py:461:  libkadm5-1.18.2-34.el8_10.x86_64
DEBUG util.py:461:  xz-libs-5.2.4-4.el8_6.x86_64
DEBUG util.py:461:  keyutils-libs-devel-1.5.10-9.el8.x86_64
DEBUG util.py:461:  libstdc++-8.5.0-28.el8_10.alma.1.x86_64
DEBUG util.py:461:  emacs-filesystem-26.1-15.el8_10.noarch
DEBUG util.py:461:  gmp-6.1.2-11.el8.x86_64
DEBUG util.py:461:  crypto-policies-scripts-20230731-1.git3177e06.el8.noarch
DEBUG util.py:461:  libgpg-error-1.31-1.el8.x86_64
DEBUG util.py:461:  nss-sysinit-3.112.0-8.el8_10.x86_64
DEBUG util.py:461:  libzstd-1.4.4-1.el8.x86_64
DEBUG util.py:461:  perl-TermReadKey-2.37-7.el8.x86_64
DEBUG util.py:461:  libxml2-2.9.7-21.el8_10.4.x86_64
DEBUG util.py:461:  git-core-doc-2.43.7-1.el8_10.noarch
DEBUG util.py:461:  popt-1.18-1.el8.x86_64
DEBUG util.py:461:  git-2.43.7-1.el8_10.x86_64
DEBUG util.py:461:  readline-7.0-10.el8.x86_64
DEBUG util.py:461:  openssl-devel-1.1.1k-15.el8_6.x86_64
DEBUG util.py:461:  libuuid-2.32.1-48.el8_10.x86_64
DEBUG util.py:461:  efitools-1.9.2-9.el8.x86_64
DEBUG util.py:461:  file-libs-5.33-27.el8_10.x86_64
DEBUG util.py:461:  libacl-2.2.53-3.el8.x86_64
DEBUG util.py:461:  lua-libs-5.3.4-12.el8.x86_64
DEBUG util.py:461:  libidn2-2.2.0-1.el8.x86_64
DEBUG util.py:461:  json-c-0.13.1-3.el8.x86_64
DEBUG util.py:461:  p11-kit-0.23.22-2.el8.x86_64
DEBUG util.py:461:  libmpc-1.1.0-9.1.el8.x86_64
DEBUG util.py:461:  findutils-4.6.0-24.el8_10.x86_64
DEBUG util.py:461:  libcap-ng-0.7.11-1.el8.x86_64
DEBUG util.py:461:  lz4-libs-1.8.3-5.el8_10.x86_64
DEBUG util.py:461:  file-5.33-27.el8_10.x86_64
DEBUG util.py:461:  unzip-6.0-48.el8_10.x86_64
DEBUG util.py:461:  glibc-headers-2.28-251.el8_10.37.x86_64
DEBUG util.py:461:  libtasn1-4.13-5.el8_10.x86_64
DEBUG util.py:461:  ncurses-6.1-10.20180224.el8.x86_64
DEBUG util.py:461:  grep-3.1-6.el8.x86_64
DEBUG util.py:461:  zip-3.0-23.el8.x86_64
DEBUG util.py:461:  cpp-8.5.0-28.el8_10.alma.1.x86_64
DEBUG util.py:461:  libpsl-0.20.2-6.el8.x86_64
DEBUG util.py:461:  tar-1.30-11.el8_10.x86_64
DEBUG util.py:461:  libcomps-0.1.18-1.el8.x86_64
DEBUG util.py:461:  iso-codes-3.79-2.el8.noarch
DEBUG util.py:461:  libksba-1.3.5-9.el8_7.x86_64
DEBUG util.py:461:  nettle-3.4.1-7.el8.x86_64
DEBUG util.py:461:  libstdc++-devel-8.5.0-28.el8_10.alma.1.x86_64
DEBUG util.py:461:  bzip2-1.0.6-28.el8_10.x86_64
DEBUG util.py:461:  openssl-libs-1.1.1k-15.el8_6.x86_64
DEBUG util.py:461:  ca-certificates-2025.2.80_v9.0.304-80.2.el8_10.noarch
DEBUG util.py:461:  libblkid-2.32.1-48.el8_10.x86_64
DEBUG util.py:461:  systemd-libs-239-82.el8_10.16.x86_64
DEBUG util.py:461:  dbus-libs-1.12.8-28.el8_10.x86_64
DEBUG util.py:461:  gzip-1.9-13.el8_5.x86_64
DEBUG util.py:461:  cracklib-dicts-2.9.6-15.el8.x86_64
DEBUG util.py:461:  libutempter-1.1.6-14.el8.x86_64
DEBUG util.py:461:  ima-evm-utils-1.3.2-12.el8.x86_64
DEBUG util.py:461:  dbus-tools-1.12.8-28.el8_10.x86_64
DEBUG util.py:461:  procps-ng-3.3.15-14.el8.x86_64
DEBUG util.py:461:  libdb-utils-5.3.28-42.el8_4.x86_64
DEBUG util.py:461:  perl-Digest-1.17-395.el8.noarch
DEBUG util.py:461:  perl-Data-Dumper-2.167-399.el8.x86_64
DEBUG util.py:461:  perl-URI-1.73-3.el8.noarch
DEBUG util.py:461:  perl-Net-SSLeay-1.88-2.module_el8.6.0+2811+fe6c84b0.x86_64
DEBUG util.py:461:  perl-IO-Socket-IP-0.39-5.el8.noarch
DEBUG util.py:461:  perl-IO-Socket-SSL-2.066-4.module_el8.6.0+2811+fe6c84b0.noarch
DEBUG util.py:461:  perl-Term-Cap-1.17-395.el8.noarch
DEBUG util.py:461:  perl-Pod-Simple-3.35-395.el8.noarch
DEBUG util.py:461:  perl-podlators-4.11-1.el8.noarch
DEBUG util.py:461:  perl-Text-ParseWords-3.30-395.el8.noarch
DEBUG util.py:461:  perl-MIME-Base64-3.15-396.el8.x86_64
DEBUG util.py:461:  perl-Getopt-Long-2.50-4.el8.noarch
DEBUG util.py:461:  perl-Socket-2.027-3.el8.x86_64
DEBUG util.py:461:  perl-Carp-1.42-396.el8.noarch
DEBUG util.py:461:  perl-libs-5.26.3-423.el8_10.x86_64
DEBUG util.py:461:  perl-parent-0.237-1.el8.noarch
DEBUG util.py:461:  perl-Text-Tabs+Wrap-2013.0523-395.el8.noarch
DEBUG util.py:461:  perl-File-Path-2.15-2.el8.noarch
DEBUG util.py:461:  perl-PathTools-3.74-1.el8.x86_64
DEBUG util.py:461:  perl-threads-2.21-2.el8.x86_64
DEBUG util.py:461:  perl-interpreter-5.26.3-423.el8_10.x86_64
DEBUG util.py:461:  kmod-libs-25-20.el8.cloudlinux.1.x86_64
DEBUG util.py:461:  tcl-8.6.8-2.el8.x86_64
DEBUG util.py:461:  gc-7.6.4-3.el8.x86_64
DEBUG util.py:461:  brotli-1.0.6-4.el8_10.x86_64
DEBUG util.py:461:  libedit-3.1-23.20170329cvs.el8.x86_64
DEBUG util.py:461:  libpipeline-1.5.0-2.el8.x86_64
DEBUG util.py:461:  libpkgconf-1.4.2-1.el8.x86_64
DEBUG util.py:461:  pkgconf-pkg-config-1.4.2-1.el8.x86_64
DEBUG util.py:461:  glibc-devel-2.28-251.el8_10.37.x86_64
DEBUG util.py:461:  annobin-11.13-2.el8.x86_64
DEBUG util.py:461:  xz-devel-5.2.4-4.el8_6.x86_64
DEBUG util.py:461:  libseccomp-2.5.2-1.el8.x86_64
DEBUG util.py:461:  gawk-4.2.1-4.el8.x86_64
DEBUG util.py:461:  guile-2.0.14-7.el8.x86_64
DEBUG util.py:461:  krb5-libs-1.18.2-34.el8_10.x86_64
DEBUG util.py:461:  libnsl2-1.2.0-2.20180605git4a062cf.el8.x86_64
DEBUG util.py:461:  platform-python-3.6.8-76.el8_10.alma.1.x86_64
DEBUG util.py:461:  libpwquality-1.4.4-6.el8.x86_64
DEBUG util.py:461:  util-linux-2.32.1-48.el8_10.x86_64
DEBUG util.py:461:  device-mapper-1.02.181-15.el8_10.3.x86_64
DEBUG util.py:461:  cryptsetup-libs-2.3.7-7.el8.x86_64
DEBUG util.py:461:  elfutils-libs-0.190-2.el8.alma.1.x86_64
DEBUG util.py:461:  dbus-daemon-1.12.8-28.el8_10.x86_64
DEBUG util.py:461:  systemd-239-82.el8_10.16.x86_64
DEBUG util.py:461:  elfutils-0.190-2.el8.alma.1.x86_64
DEBUG util.py:461:  openssh-8.0p1-29.el8_10.x86_64
DEBUG util.py:461:  python3-libcomps-0.1.18-1.el8.x86_64
DEBUG util.py:461:  environment-modules-4.5.2-4.el8.x86_64
DEBUG util.py:461:  python3-dateutil-2.6.1-6.el8.noarch
DEBUG util.py:461:  openldap-2.4.46-21.el8_10.x86_64
DEBUG util.py:461:  npth-1.5-4.el8.x86_64
DEBUG util.py:461:  gpgme-1.13.1-12.el8.x86_64
DEBUG util.py:461:  libssh-config-0.9.6-16.el8_10.noarch
DEBUG util.py:461:  libcurl-7.61.1-34.el8_10.11.x86_64
DEBUG util.py:461:  curl-7.61.1-34.el8_10.11.x86_64
DEBUG util.py:461:  rpm-libs-4.14.3-32.el8_10.x86_64
DEBUG util.py:461:  libsolv-0.7.20-6.el8.x86_64
DEBUG util.py:461:  python3-libdnf-0.63.0-21.el8_10.alma.1.x86_64
DEBUG util.py:461:  rpm-build-libs-4.14.3-32.el8_10.x86_64
DEBUG util.py:461:  gdb-headless-8.2-20.el8.x86_64
DEBUG util.py:461:  libreport-filesystem-2.9.5-15.el8.alma.1.x86_64
DEBUG util.py:461:  python3-dnf-4.7.0-21.el8_10.alma.1.noarch
DEBUG util.py:461:  python3-dnf-plugins-core-4.0.21-25.el8.noarch
DEBUG util.py:461:  yum-utils-4.0.21-25.el8.noarch
DEBUG util.py:461:  qt5-srpm-macros-5.15.3-1.el8.noarch
DEBUG util.py:461:  openblas-srpm-macros-2-2.el8.noarch
DEBUG util.py:461:  go-srpm-macros-2-17.el8.noarch
DEBUG util.py:461:  libgcc-8.5.0-28.el8_10.alma.1.x86_64
DEBUG util.py:461:  redhat-rpm-config-131-1.el8.cloudlinux.noarch
DEBUG util.py:461:  python-srpm-macros-3-45.el8.noarch
DEBUG util.py:461:  libxml2-devel-2.9.7-21.el8_10.4.x86_64
DEBUG util.py:461:  python3-setuptools-wheel-39.2.0-9.el8_10.noarch
DEBUG util.py:461:  scl-utils-build-2.0.2-16.el8.x86_64
DEBUG util.py:461:  python-rpm-macros-3-45.el8.noarch
DEBUG util.py:461:  alt-build-macros-1-13.el8.noarch
DEBUG util.py:461:  kernel-headers-4.18.0-553.124.4.lve.el8.x86_64
DEBUG util.py:461:  git-core-2.43.7-1.el8_10.x86_64
DEBUG util.py:461:  pkgconf-m4-1.4.2-1.el8.noarch
DEBUG util.py:461:  which-2.21-21.el8_10.x86_64
DEBUG util.py:461:  pcre2-10.32-3.el8_6.x86_64
DEBUG util.py:461:  nspr-4.36.0-2.el8_10.x86_64
DEBUG util.py:461:  setup-2.12.2-9.el8.cloudlinux.noarch
DEBUG util.py:461:  nss-softokn-freebl-3.112.0-8.el8_10.x86_64
DEBUG util.py:461:  basesystem-11-5.el8.noarch
DEBUG util.py:461:  pcre2-utf32-10.32-3.el8_6.x86_64
DEBUG util.py:461:  libselinux-2.9-11.el8_10.x86_64
DEBUG util.py:461:  pcre2-devel-10.32-3.el8_6.x86_64
DEBUG util.py:461:  glibc-all-langpacks-2.28-251.el8_10.37.x86_64
DEBUG util.py:461:  mtools-4.0.18-15.el8_6.x86_64
DEBUG util.py:461:  glibc-common-2.28-251.el8_10.37.x86_64
DEBUG util.py:461:  libverto-devel-0.3.2-2.el8.x86_64
DEBUG util.py:461:  libsepol-2.9-3.el8.x86_64
DEBUG util.py:461:  libselinux-devel-2.9-11.el8_10.x86_64
DEBUG util.py:461:  info-6.5-7.el8.x86_64
DEBUG util.py:461:  libcom_err-devel-1.45.6-7.el8_10.x86_64
DEBUG util.py:461:  bzip2-libs-1.0.6-28.el8_10.x86_64
DEBUG util.py:461:  krb5-devel-1.18.2-34.el8_10.x86_64
DEBUG util.py:461:  libxcrypt-4.1.1-6.el8.x86_64
DEBUG util.py:461:  efivar-libs-37-4.el8.x86_64
DEBUG util.py:461:  sqlite-libs-3.26.0-20.el8_10.x86_64
DEBUG util.py:461:  nss-3.112.0-8.el8_10.x86_64
DEBUG util.py:461:  libcap-2.48-6.el8_10.1.x86_64
DEBUG util.py:461:  nss-tools-3.112.0-8.el8_10.x86_64
DEBUG util.py:461:  elfutils-libelf-0.190-2.el8.alma.1.x86_64
DEBUG util.py:461:  perl-Error-0.17025-2.el8.noarch
DEBUG util.py:461:  expat-2.5.0-1.el8_10.x86_64
DEBUG util.py:461:  perl-Git-2.43.7-1.el8_10.noarch
DEBUG util.py:461:  mpfr-3.1.6-1.el8.x86_64
DEBUG util.py:461:  pesign-0.112-27.el8_7.x86_64
DEBUG util.py:461:  libcom_err-1.45.6-7.el8_10.x86_64
DEBUG util.py:461:  elfutils-libelf-devel-0.190-2.el8.alma.1.x86_64
DEBUG util.py:461:  chkconfig-1.19.2-1.el8.x86_64
DEBUG util.py:461:  dos2unix-7.4.0-3.el8.x86_64
DEBUG util.py:461:  libattr-2.4.48-3.el8.x86_64
DEBUG util.py:461:  sed-4.5-5.el8_10.x86_64
DEBUG util.py:461:  libunistring-0.9.9-3.el8.x86_64
DEBUG util.py:461:  gdbm-libs-1.18-2.el8.x86_64
DEBUG util.py:461:  libffi-3.1-24.el8.x86_64
DEBUG util.py:461:  libsmartcols-2.32.1-48.el8_10.x86_64
DEBUG util.py:461:  libgcrypt-1.8.5-7.el8_6.x86_64
DEBUG util.py:461:  less-530-3.el8_10.x86_64
DEBUG util.py:461:  audit-libs-3.1.2-1.el8_10.1.x86_64
DEBUG util.py:461:  groff-base-1.22.3-18.el8.x86_64
DEBUG util.py:461:  libassuan-2.5.1-3.el8.x86_64
DEBUG util.py:461:  diffutils-3.6-6.el8.x86_64
DEBUG util.py:461:  keyutils-libs-1.5.10-9.el8.x86_64
DEBUG util.py:461:  p11-kit-trust-0.23.22-2.el8.x86_64
DEBUG util.py:461:  pcre-8.42-6.el8.x86_64
DEBUG util.py:461:  xz-5.2.4-4.el8_6.x86_64
DEBUG util.py:461:  libsemanage-2.9-12.el8_10.x86_64
DEBUG util.py:461:  gdbm-1.18-2.el8.x86_64
DEBUG util.py:461:  acl-2.2.53-3.el8.x86_64
DEBUG util.py:461:  patch-2.7.6-11.el8.x86_64
DEBUG util.py:461:  xml-common-0.6.3-50.el8.noarch
DEBUG util.py:461:  dwz-0.12-10.el8.x86_64
DEBUG util.py:461:  isl-0.16.1-6.el8.x86_64
DEBUG util.py:461:  gnutls-3.6.16-8.el8_10.6.x86_64
DEBUG util.py:461:  zstd-1.4.4-1.el8.x86_64
DEBUG util.py:461:  coreutils-common-8.30-17.el8_10.x86_64
DEBUG util.py:461:  coreutils-8.30-17.el8_10.x86_64
DEBUG util.py:461:  libdb-5.3.28-42.el8_4.x86_64
DEBUG util.py:461:  libmount-2.32.1-48.el8_10.x86_64
DEBUG util.py:461:  glib2-2.56.4-169.el8_10.x86_64
DEBUG util.py:461:  shadow-utils-4.6-23.el8_10.x86_64
DEBUG util.py:461:  cracklib-2.9.6-15.el8.x86_64
DEBUG util.py:461:  binutils-2.30-128.el8_10.x86_64
DEBUG util.py:461:  tpm2-tss-2.3.2-6.el8.x86_64
DEBUG util.py:461:  dbus-glib-0.110-2.el8.x86_64
DEBUG util.py:461:  libusbx-1.0.23-4.el8.x86_64
DEBUG util.py:461:  libfdisk-2.32.1-48.el8_10.x86_64
DEBUG util.py:461:  openssl-1.1.1k-15.el8_6.x86_64
DEBUG util.py:461:  perl-Digest-MD5-2.55-396.el8.x86_64
DEBUG util.py:461:  perl-libnet-3.11-3.el8.noarch
DEBUG util.py:461:  perl-Pod-Escapes-1.07-395.el8.noarch
DEBUG util.py:461:  perl-Mozilla-CA-20160104-7.module_el8.5.0+2812+ed912d05.noarch
DEBUG util.py:461:  perl-Time-Local-1.280-1.el8.noarch
DEBUG util.py:461:  perl-Term-ANSIColor-4.06-396.el8.noarch
DEBUG util.py:461:  perl-File-Temp-0.230.600-1.el8.noarch
DEBUG util.py:461:  perl-HTTP-Tiny-0.074-3.el8.noarch
DEBUG util.py:461:  perl-Pod-Perldoc-3.28-396.el8.noarch
DEBUG util.py:461:  perl-Pod-Usage-1.69-395.el8.noarch
DEBUG util.py:461:  perl-Storable-3.11-3.el8.x86_64
DEBUG util.py:461:  perl-Errno-1.28-423.el8_10.x86_64
DEBUG util.py:461:  perl-Encode-2.97-3.el8.x86_64
DEBUG util.py:461:  perl-Exporter-5.72-396.el8.noarch
DEBUG util.py:461:  perl-Scalar-List-Utils-1.49-2.el8.x86_64
DEBUG util.py:461:  perl-macros-5.26.3-423.el8_10.x86_64
DEBUG util.py:461:  perl-Unicode-Normalize-1.25-396.el8.x86_64
DEBUG util.py:461:  perl-IO-1.38-423.el8_10.x86_64
DEBUG util.py:461:  perl-constant-1.33-396.el8.noarch
DEBUG util.py:461:  perl-threads-shared-1.58-2.el8.x86_64
DEBUG util.py:461:  libarchive-3.3.3-7.el8_10.x86_64
DEBUG util.py:461:  libgomp-8.5.0-28.el8_10.alma.1.x86_64
DEBUG util.py:461:  libatomic_ops-7.6.2-3.el8.x86_64
DEBUG util.py:461:  libipt-1.6.1-8.el8.x86_64
DEBUG util.py:461:  cpio-2.12-11.el8.x86_64
DEBUG util.py:461:  libnghttp2-1.33.0-6.el8_10.2.x86_64
DEBUG util.py:461:  man-db-2.7.6.1-18.el8.x86_64
DEBUG util.py:461:  pkgconf-1.4.2-1.el8.x86_64
DEBUG util.py:461:  libxcrypt-devel-4.1.1-6.el8.x86_64
DEBUG util.py:461:  gcc-8.5.0-28.el8_10.alma.1.x86_64
DEBUG util.py:461:  gcc-plugin-annobin-8.5.0-28.el8_10.alma.1.x86_64
DEBUG util.py:461:  zlib-devel-1.2.11-25.el8.x86_64
DEBUG util.py:461:  libsigsegv-2.11-5.el8.x86_64
DEBUG util.py:461:  libtool-ltdl-2.4.6-25.el8.x86_64
DEBUG util.py:461:  libverto-0.3.2-2.el8.x86_64
DEBUG util.py:461:  libtirpc-1.1.4-12.el8_10.x86_64
DEBUG util.py:461:  platform-python-setuptools-39.2.0-9.el8_10.noarch
DEBUG util.py:461:  python3-libs-3.6.8-76.el8_10.alma.1.x86_64
DEBUG util.py:461:  pam-1.3.1-39.el8_10.x86_64
DEBUG util.py:461:  python3-dbus-1.2.4-15.el8.x86_64
DEBUG util.py:461:  device-mapper-libs-1.02.181-15.el8_10.3.x86_64
DEBUG util.py:461:  elfutils-default-yama-scope-0.190-2.el8.alma.1.noarch
DEBUG util.py:461:  dbus-common-1.12.8-28.el8_10.noarch
DEBUG util.py:461:  systemd-pam-239-82.el8_10.16.x86_64
DEBUG util.py:461:  dbus-1.12.8-28.el8_10.x86_64
DEBUG util.py:461:  libbabeltrace-1.5.4-4.el8.x86_64
DEBUG util.py:461:  openssh-clients-8.0p1-29.el8_10.x86_64
DEBUG util.py:461:  python3-systemd-234-8.el8.x86_64
DEBUG util.py:461:  python3-six-1.11.0-8.el8.noarch
DEBUG util.py:461:  cyrus-sasl-lib-2.1.27-6.el8_5.x86_64
DEBUG util.py:461:  libyaml-0.1.7-5.el8.x86_64
DEBUG util.py:461:  gnupg2-2.2.20-4.el8_10.x86_64
DEBUG util.py:461:  python3-gpg-1.13.1-12.el8.x86_64
DEBUG util.py:461:  libssh-0.9.6-16.el8_10.x86_64
DEBUG util.py:461:  librepo-1.14.2-5.el8.x86_64
DEBUG util.py:461:  rpm-4.14.3-32.el8_10.x86_64
DEBUG util.py:461:  libmodulemd-2.13.0-1.el8.x86_64
DEBUG util.py:461:  libdnf-0.63.0-21.el8_10.alma.1.x86_64
DEBUG util.py:461:  python3-hawkey-0.63.0-21.el8_10.alma.1.x86_64
DEBUG util.py:461:  python3-rpm-4.14.3-32.el8_10.x86_64
DEBUG util.py:461:  efi-srpm-macros-3-3.el8.cloudlinux.noarch
DEBUG util.py:461:  dnf-data-4.7.0-21.el8_10.alma.1.noarch
DEBUG util.py:461:  dnf-4.7.0-21.el8_10.alma.1.noarch
DEBUG util.py:461:  dnf-plugins-core-4.0.21-25.el8.noarch
DEBUG util.py:461:  rust-srpm-macros-5-2.el8.noarch
DEBUG util.py:461:  perl-srpm-macros-1-25.el8.noarch
DEBUG util.py:461:  ocaml-srpm-macros-5-4.el8.noarch
DEBUG util.py:608:  Child return code was: 0
DEBUG util.py:634:  child environment: None
DEBUG file_util.py:18:  ensuring that dir exists: /srv/build-node/mock/085d950e3ee68860fb377cce1c22e8c40243da338f2fd4534e4765cbf1c696d9.0/root/installation-homedir
DEBUG package_manager.py:295:  ['/usr/bin/dnf-3', 'builddep', '--installroot', '/srv/build-node/mock/085d950e3ee68860fb377cce1c22e8c40243da338f2fd4534e4765cbf1c696d9.0/root/', '--releasever', '8', '--setopt=deltarpm=False', '--allowerasing', '--nobest', '--setopt=install_weak_deps=False', '--disableplugin=local', '--disableplugin=spacewalk', '--disableplugin=versionlock', '/srv/build-node/mock/085d950e3ee68860fb377cce1c22e8c40243da338f2fd4534e4765cbf1c696d9.0/root//builddir/build/SRPMS/shim-unsigned-x64-16.1-2.el8.cloudlinux.1.src.rpm']
DEBUG util.py:634:  child environment: None
DEBUG util.py:556:  Executing command: ['/usr/bin/dnf-3', 'builddep', '--installroot', '/srv/build-node/mock/085d950e3ee68860fb377cce1c22e8c40243da338f2fd4534e4765cbf1c696d9.0/root/', '--releasever', '8', '--setopt=deltarpm=False', '--allowerasing', '--nobest', '--setopt=install_weak_deps=False', '--disableplugin=local', '--disableplugin=spacewalk', '--disableplugin=versionlock', '/srv/build-node/mock/085d950e3ee68860fb377cce1c22e8c40243da338f2fd4534e4765cbf1c696d9.0/root//builddir/build/SRPMS/shim-unsigned-x64-16.1-2.el8.cloudlinux.1.src.rpm', '--setopt=tsflags=nocontexts'] with env {'TERM': 'vt100', 'SHELL': '/bin/bash', 'HOME': '/srv/build-node/mock/085d950e3ee68860fb377cce1c22e8c40243da338f2fd4534e4765cbf1c696d9.0/root/installation-homedir', 'HOSTNAME': 'mock', 'PATH': '/usr/bin:/bin:/usr/sbin:/sbin', 'PROMPT_COMMAND': 'printf "\\033]0;<mock-chroot>\\007"', 'PS1': '<mock-chroot> \\s-\\v\\$ ', 'LANG': 'C.UTF-8', 'LC_MESSAGES': 'C.UTF-8'} and shell False
DEBUG util.py:459:  No matches found for the following disable plugin patterns: local, spacewalk, versionlock
DEBUG util.py:461:  Last metadata expiration check: 0:00:12 ago on Sun May 31 13:27:15 2026.
DEBUG util.py:461:  Package dos2unix-7.4.0-3.el8.x86_64 is already installed.
DEBUG util.py:461:  Package efitools-1.9.2-9.el8.x86_64 is already installed.
DEBUG util.py:461:  Package elfutils-libelf-devel-0.190-2.el8.alma.1.x86_64 is already installed.
DEBUG util.py:461:  Package findutils-1:4.6.0-24.el8_10.x86_64 is already installed.
DEBUG util.py:461:  Package gcc-8.5.0-28.el8_10.alma.1.x86_64 is already installed.
DEBUG util.py:461:  Package git-2.43.7-1.el8_10.x86_64 is already installed.
DEBUG util.py:461:  Package make-1:4.2.1-11.el8.x86_64 is already installed.
DEBUG util.py:461:  Package openssl-1:1.1.1k-15.el8_6.x86_64 is already installed.
DEBUG util.py:461:  Package openssl-devel-1:1.1.1k-15.el8_6.x86_64 is already installed.
DEBUG util.py:461:  Package pesign-0.112-27.el8_7.x86_64 is already installed.
DEBUG util.py:461:  Dependencies resolved.
DEBUG util.py:461:  Nothing to do.
DEBUG util.py:461:  Complete!
DEBUG util.py:608:  Child return code was: 0
DEBUG util.py:183:  kill orphans in chroot /srv/build-node/mock/085d950e3ee68860fb377cce1c22e8c40243da338f2fd4534e4765cbf1c696d9.0/root
DEBUG buildroot.py:686:  removing 3 rpm db files
DEBUG buildroot.py:691:  nuke_rpm_db: removing /srv/build-node/mock/085d950e3ee68860fb377cce1c22e8c40243da338f2fd4534e4765cbf1c696d9.0/root/var/lib/rpm/__db.001
DEBUG buildroot.py:691:  nuke_rpm_db: removing /srv/build-node/mock/085d950e3ee68860fb377cce1c22e8c40243da338f2fd4534e4765cbf1c696d9.0/root/var/lib/rpm/__db.002
DEBUG buildroot.py:691:  nuke_rpm_db: removing /srv/build-node/mock/085d950e3ee68860fb377cce1c22e8c40243da338f2fd4534e4765cbf1c696d9.0/root/var/lib/rpm/__db.003
DEBUG util.py:634:  child environment: None
DEBUG util.py:556:  Executing command: ['/bin/rpm', '-qa', '--root', '/srv/build-node/mock/085d950e3ee68860fb377cce1c22e8c40243da338f2fd4534e4765cbf1c696d9.0/root'] with env {'TERM': 'vt100', 'SHELL': '/bin/sh', 'HOME': '/builddir', 'HOSTNAME': 'mock', 'PATH': '/usr/bin:/bin:/usr/sbin:/sbin', 'LANG': 'C.UTF-8'} and shell False
DEBUG util.py:461:  ghc-srpm-macros-1.4.2-7.el8.noarch
DEBUG util.py:461:  crypto-policies-20230731-1.git3177e06.el8.noarch
DEBUG util.py:461:  cmake-filesystem-3.26.5-2.el8.x86_64
DEBUG util.py:461:  tzdata-2026b-1.el8.noarch
DEBUG util.py:461:  rpm-build-4.14.3-32.el8_10.x86_64
DEBUG util.py:461:  python3-pip-wheel-9.0.3-24.el8.noarch
DEBUG util.py:461:  kernel-rpm-macros-131-1.el8.cloudlinux.noarch
DEBUG util.py:461:  python3-rpm-macros-3-45.el8.noarch
DEBUG util.py:461:  scl-utils-2.0.2-16.el8.x86_64
DEBUG util.py:461:  publicsuffix-list-dafsa-20180723-1.el8.noarch
DEBUG util.py:461:  gcc-c++-8.5.0-28.el8_10.alma.1.x86_64
DEBUG util.py:461:  ncurses-base-6.1-10.20180224.el8.noarch
DEBUG util.py:461:  make-4.2.1-11.el8.x86_64
DEBUG util.py:461:  cloudlinux-release-8.10-14.el8.x86_64
DEBUG util.py:461:  nss-util-3.112.0-8.el8_10.x86_64
DEBUG util.py:461:  filesystem-3.8-6.el8.x86_64
DEBUG util.py:461:  nss-softokn-3.112.0-8.el8_10.x86_64
DEBUG util.py:461:  ncurses-libs-6.1-10.20180224.el8.x86_64
DEBUG util.py:461:  pcre2-utf16-10.32-3.el8_6.x86_64
DEBUG util.py:461:  bash-4.4.20-6.el8_10.x86_64
DEBUG util.py:461:  parted-3.2-39.el8.x86_64
DEBUG util.py:461:  glibc-gconv-extra-2.28-251.el8_10.37.x86_64
DEBUG util.py:461:  libzstd-devel-1.4.4-1.el8.x86_64
DEBUG util.py:461:  glibc-2.28-251.el8_10.37.x86_64
DEBUG util.py:461:  libsepol-devel-2.9-3.el8.x86_64
DEBUG util.py:461:  zlib-1.2.11-25.el8.x86_64
DEBUG util.py:461:  libkadm5-1.18.2-34.el8_10.x86_64
DEBUG util.py:461:  xz-libs-5.2.4-4.el8_6.x86_64
DEBUG util.py:461:  keyutils-libs-devel-1.5.10-9.el8.x86_64
DEBUG util.py:461:  libstdc++-8.5.0-28.el8_10.alma.1.x86_64
DEBUG util.py:461:  emacs-filesystem-26.1-15.el8_10.noarch
DEBUG util.py:461:  gmp-6.1.2-11.el8.x86_64
DEBUG util.py:461:  crypto-policies-scripts-20230731-1.git3177e06.el8.noarch
DEBUG util.py:461:  libgpg-error-1.31-1.el8.x86_64
DEBUG util.py:461:  nss-sysinit-3.112.0-8.el8_10.x86_64
DEBUG util.py:461:  libzstd-1.4.4-1.el8.x86_64
DEBUG util.py:461:  perl-TermReadKey-2.37-7.el8.x86_64
DEBUG util.py:461:  libxml2-2.9.7-21.el8_10.4.x86_64
DEBUG util.py:461:  git-core-doc-2.43.7-1.el8_10.noarch
DEBUG util.py:461:  popt-1.18-1.el8.x86_64
DEBUG util.py:461:  git-2.43.7-1.el8_10.x86_64
DEBUG util.py:461:  readline-7.0-10.el8.x86_64
DEBUG util.py:461:  openssl-devel-1.1.1k-15.el8_6.x86_64
DEBUG util.py:461:  libuuid-2.32.1-48.el8_10.x86_64
DEBUG util.py:461:  efitools-1.9.2-9.el8.x86_64
DEBUG util.py:461:  file-libs-5.33-27.el8_10.x86_64
DEBUG util.py:461:  libacl-2.2.53-3.el8.x86_64
DEBUG util.py:461:  lua-libs-5.3.4-12.el8.x86_64
DEBUG util.py:461:  libidn2-2.2.0-1.el8.x86_64
DEBUG util.py:461:  json-c-0.13.1-3.el8.x86_64
DEBUG util.py:461:  p11-kit-0.23.22-2.el8.x86_64
DEBUG util.py:461:  libmpc-1.1.0-9.1.el8.x86_64
DEBUG util.py:461:  findutils-4.6.0-24.el8_10.x86_64
DEBUG util.py:461:  libcap-ng-0.7.11-1.el8.x86_64
DEBUG util.py:461:  lz4-libs-1.8.3-5.el8_10.x86_64
DEBUG util.py:461:  file-5.33-27.el8_10.x86_64
DEBUG util.py:461:  unzip-6.0-48.el8_10.x86_64
DEBUG util.py:461:  glibc-headers-2.28-251.el8_10.37.x86_64
DEBUG util.py:461:  libtasn1-4.13-5.el8_10.x86_64
DEBUG util.py:461:  ncurses-6.1-10.20180224.el8.x86_64
DEBUG util.py:461:  grep-3.1-6.el8.x86_64
DEBUG util.py:461:  zip-3.0-23.el8.x86_64
DEBUG util.py:461:  cpp-8.5.0-28.el8_10.alma.1.x86_64
DEBUG util.py:461:  libpsl-0.20.2-6.el8.x86_64
DEBUG util.py:461:  tar-1.30-11.el8_10.x86_64
DEBUG util.py:461:  libcomps-0.1.18-1.el8.x86_64
DEBUG util.py:461:  iso-codes-3.79-2.el8.noarch
DEBUG util.py:461:  libksba-1.3.5-9.el8_7.x86_64
DEBUG util.py:461:  nettle-3.4.1-7.el8.x86_64
DEBUG util.py:461:  libstdc++-devel-8.5.0-28.el8_10.alma.1.x86_64
DEBUG util.py:461:  bzip2-1.0.6-28.el8_10.x86_64
DEBUG util.py:461:  openssl-libs-1.1.1k-15.el8_6.x86_64
DEBUG util.py:461:  ca-certificates-2025.2.80_v9.0.304-80.2.el8_10.noarch
DEBUG util.py:461:  libblkid-2.32.1-48.el8_10.x86_64
DEBUG util.py:461:  systemd-libs-239-82.el8_10.16.x86_64
DEBUG util.py:461:  dbus-libs-1.12.8-28.el8_10.x86_64
DEBUG util.py:461:  gzip-1.9-13.el8_5.x86_64
DEBUG util.py:461:  cracklib-dicts-2.9.6-15.el8.x86_64
DEBUG util.py:461:  libutempter-1.1.6-14.el8.x86_64
DEBUG util.py:461:  ima-evm-utils-1.3.2-12.el8.x86_64
DEBUG util.py:461:  dbus-tools-1.12.8-28.el8_10.x86_64
DEBUG util.py:461:  procps-ng-3.3.15-14.el8.x86_64
DEBUG util.py:461:  libdb-utils-5.3.28-42.el8_4.x86_64
DEBUG util.py:461:  perl-Digest-1.17-395.el8.noarch
DEBUG util.py:461:  perl-Data-Dumper-2.167-399.el8.x86_64
DEBUG util.py:461:  perl-URI-1.73-3.el8.noarch
DEBUG util.py:461:  perl-Net-SSLeay-1.88-2.module_el8.6.0+2811+fe6c84b0.x86_64
DEBUG util.py:461:  perl-IO-Socket-IP-0.39-5.el8.noarch
DEBUG util.py:461:  perl-IO-Socket-SSL-2.066-4.module_el8.6.0+2811+fe6c84b0.noarch
DEBUG util.py:461:  perl-Term-Cap-1.17-395.el8.noarch
DEBUG util.py:461:  perl-Pod-Simple-3.35-395.el8.noarch
DEBUG util.py:461:  perl-podlators-4.11-1.el8.noarch
DEBUG util.py:461:  perl-Text-ParseWords-3.30-395.el8.noarch
DEBUG util.py:461:  perl-MIME-Base64-3.15-396.el8.x86_64
DEBUG util.py:461:  perl-Getopt-Long-2.50-4.el8.noarch
DEBUG util.py:461:  perl-Socket-2.027-3.el8.x86_64
DEBUG util.py:461:  perl-Carp-1.42-396.el8.noarch
DEBUG util.py:461:  perl-libs-5.26.3-423.el8_10.x86_64
DEBUG util.py:461:  perl-parent-0.237-1.el8.noarch
DEBUG util.py:461:  perl-Text-Tabs+Wrap-2013.0523-395.el8.noarch
DEBUG util.py:461:  perl-File-Path-2.15-2.el8.noarch
DEBUG util.py:461:  perl-PathTools-3.74-1.el8.x86_64
DEBUG util.py:461:  perl-threads-2.21-2.el8.x86_64
DEBUG util.py:461:  perl-interpreter-5.26.3-423.el8_10.x86_64
DEBUG util.py:461:  kmod-libs-25-20.el8.cloudlinux.1.x86_64
DEBUG util.py:461:  tcl-8.6.8-2.el8.x86_64
DEBUG util.py:461:  gc-7.6.4-3.el8.x86_64
DEBUG util.py:461:  brotli-1.0.6-4.el8_10.x86_64
DEBUG util.py:461:  libedit-3.1-23.20170329cvs.el8.x86_64
DEBUG util.py:461:  libpipeline-1.5.0-2.el8.x86_64
DEBUG util.py:461:  libpkgconf-1.4.2-1.el8.x86_64
DEBUG util.py:461:  pkgconf-pkg-config-1.4.2-1.el8.x86_64
DEBUG util.py:461:  glibc-devel-2.28-251.el8_10.37.x86_64
DEBUG util.py:461:  annobin-11.13-2.el8.x86_64
DEBUG util.py:461:  xz-devel-5.2.4-4.el8_6.x86_64
DEBUG util.py:461:  libseccomp-2.5.2-1.el8.x86_64
DEBUG util.py:461:  gawk-4.2.1-4.el8.x86_64
DEBUG util.py:461:  guile-2.0.14-7.el8.x86_64
DEBUG util.py:461:  krb5-libs-1.18.2-34.el8_10.x86_64
DEBUG util.py:461:  libnsl2-1.2.0-2.20180605git4a062cf.el8.x86_64
DEBUG util.py:461:  platform-python-3.6.8-76.el8_10.alma.1.x86_64
DEBUG util.py:461:  libpwquality-1.4.4-6.el8.x86_64
DEBUG util.py:461:  util-linux-2.32.1-48.el8_10.x86_64
DEBUG util.py:461:  device-mapper-1.02.181-15.el8_10.3.x86_64
DEBUG util.py:461:  cryptsetup-libs-2.3.7-7.el8.x86_64
DEBUG util.py:461:  elfutils-libs-0.190-2.el8.alma.1.x86_64
DEBUG util.py:461:  dbus-daemon-1.12.8-28.el8_10.x86_64
DEBUG util.py:461:  systemd-239-82.el8_10.16.x86_64
DEBUG util.py:461:  elfutils-0.190-2.el8.alma.1.x86_64
DEBUG util.py:461:  openssh-8.0p1-29.el8_10.x86_64
DEBUG util.py:461:  python3-libcomps-0.1.18-1.el8.x86_64
DEBUG util.py:461:  environment-modules-4.5.2-4.el8.x86_64
DEBUG util.py:461:  python3-dateutil-2.6.1-6.el8.noarch
DEBUG util.py:461:  openldap-2.4.46-21.el8_10.x86_64
DEBUG util.py:461:  npth-1.5-4.el8.x86_64
DEBUG util.py:461:  gpgme-1.13.1-12.el8.x86_64
DEBUG util.py:461:  libssh-config-0.9.6-16.el8_10.noarch
DEBUG util.py:461:  libcurl-7.61.1-34.el8_10.11.x86_64
DEBUG util.py:461:  curl-7.61.1-34.el8_10.11.x86_64
DEBUG util.py:461:  rpm-libs-4.14.3-32.el8_10.x86_64
DEBUG util.py:461:  libsolv-0.7.20-6.el8.x86_64
DEBUG util.py:461:  python3-libdnf-0.63.0-21.el8_10.alma.1.x86_64
DEBUG util.py:461:  rpm-build-libs-4.14.3-32.el8_10.x86_64
DEBUG util.py:461:  gdb-headless-8.2-20.el8.x86_64
DEBUG util.py:461:  libreport-filesystem-2.9.5-15.el8.alma.1.x86_64
DEBUG util.py:461:  python3-dnf-4.7.0-21.el8_10.alma.1.noarch
DEBUG util.py:461:  python3-dnf-plugins-core-4.0.21-25.el8.noarch
DEBUG util.py:461:  yum-utils-4.0.21-25.el8.noarch
DEBUG util.py:461:  qt5-srpm-macros-5.15.3-1.el8.noarch
DEBUG util.py:461:  openblas-srpm-macros-2-2.el8.noarch
DEBUG util.py:461:  go-srpm-macros-2-17.el8.noarch
DEBUG util.py:461:  libgcc-8.5.0-28.el8_10.alma.1.x86_64
DEBUG util.py:461:  redhat-rpm-config-131-1.el8.cloudlinux.noarch
DEBUG util.py:461:  python-srpm-macros-3-45.el8.noarch
DEBUG util.py:461:  libxml2-devel-2.9.7-21.el8_10.4.x86_64
DEBUG util.py:461:  python3-setuptools-wheel-39.2.0-9.el8_10.noarch
DEBUG util.py:461:  scl-utils-build-2.0.2-16.el8.x86_64
DEBUG util.py:461:  python-rpm-macros-3-45.el8.noarch
DEBUG util.py:461:  alt-build-macros-1-13.el8.noarch
DEBUG util.py:461:  kernel-headers-4.18.0-553.124.4.lve.el8.x86_64
DEBUG util.py:461:  git-core-2.43.7-1.el8_10.x86_64
DEBUG util.py:461:  pkgconf-m4-1.4.2-1.el8.noarch
DEBUG util.py:461:  which-2.21-21.el8_10.x86_64
DEBUG util.py:461:  pcre2-10.32-3.el8_6.x86_64
DEBUG util.py:461:  nspr-4.36.0-2.el8_10.x86_64
DEBUG util.py:461:  setup-2.12.2-9.el8.cloudlinux.noarch
DEBUG util.py:461:  nss-softokn-freebl-3.112.0-8.el8_10.x86_64
DEBUG util.py:461:  basesystem-11-5.el8.noarch
DEBUG util.py:461:  pcre2-utf32-10.32-3.el8_6.x86_64
DEBUG util.py:461:  libselinux-2.9-11.el8_10.x86_64
DEBUG util.py:461:  pcre2-devel-10.32-3.el8_6.x86_64
DEBUG util.py:461:  glibc-all-langpacks-2.28-251.el8_10.37.x86_64
DEBUG util.py:461:  mtools-4.0.18-15.el8_6.x86_64
DEBUG util.py:461:  glibc-common-2.28-251.el8_10.37.x86_64
DEBUG util.py:461:  libverto-devel-0.3.2-2.el8.x86_64
DEBUG util.py:461:  libsepol-2.9-3.el8.x86_64
DEBUG util.py:461:  libselinux-devel-2.9-11.el8_10.x86_64
DEBUG util.py:461:  info-6.5-7.el8.x86_64
DEBUG util.py:461:  libcom_err-devel-1.45.6-7.el8_10.x86_64
DEBUG util.py:461:  bzip2-libs-1.0.6-28.el8_10.x86_64
DEBUG util.py:461:  krb5-devel-1.18.2-34.el8_10.x86_64
DEBUG util.py:461:  libxcrypt-4.1.1-6.el8.x86_64
DEBUG util.py:461:  efivar-libs-37-4.el8.x86_64
DEBUG util.py:461:  sqlite-libs-3.26.0-20.el8_10.x86_64
DEBUG util.py:461:  nss-3.112.0-8.el8_10.x86_64
DEBUG util.py:461:  libcap-2.48-6.el8_10.1.x86_64
DEBUG util.py:461:  nss-tools-3.112.0-8.el8_10.x86_64
DEBUG util.py:461:  elfutils-libelf-0.190-2.el8.alma.1.x86_64
DEBUG util.py:461:  perl-Error-0.17025-2.el8.noarch
DEBUG util.py:461:  expat-2.5.0-1.el8_10.x86_64
DEBUG util.py:461:  perl-Git-2.43.7-1.el8_10.noarch
DEBUG util.py:461:  mpfr-3.1.6-1.el8.x86_64
DEBUG util.py:461:  pesign-0.112-27.el8_7.x86_64
DEBUG util.py:461:  libcom_err-1.45.6-7.el8_10.x86_64
DEBUG util.py:461:  elfutils-libelf-devel-0.190-2.el8.alma.1.x86_64
DEBUG util.py:461:  chkconfig-1.19.2-1.el8.x86_64
DEBUG util.py:461:  dos2unix-7.4.0-3.el8.x86_64
DEBUG util.py:461:  libattr-2.4.48-3.el8.x86_64
DEBUG util.py:461:  sed-4.5-5.el8_10.x86_64
DEBUG util.py:461:  libunistring-0.9.9-3.el8.x86_64
DEBUG util.py:461:  gdbm-libs-1.18-2.el8.x86_64
DEBUG util.py:461:  libffi-3.1-24.el8.x86_64
DEBUG util.py:461:  libsmartcols-2.32.1-48.el8_10.x86_64
DEBUG util.py:461:  libgcrypt-1.8.5-7.el8_6.x86_64
DEBUG util.py:461:  less-530-3.el8_10.x86_64
DEBUG util.py:461:  audit-libs-3.1.2-1.el8_10.1.x86_64
DEBUG util.py:461:  groff-base-1.22.3-18.el8.x86_64
DEBUG util.py:461:  libassuan-2.5.1-3.el8.x86_64
DEBUG util.py:461:  diffutils-3.6-6.el8.x86_64
DEBUG util.py:461:  keyutils-libs-1.5.10-9.el8.x86_64
DEBUG util.py:461:  p11-kit-trust-0.23.22-2.el8.x86_64
DEBUG util.py:461:  pcre-8.42-6.el8.x86_64
DEBUG util.py:461:  xz-5.2.4-4.el8_6.x86_64
DEBUG util.py:461:  libsemanage-2.9-12.el8_10.x86_64
DEBUG util.py:461:  gdbm-1.18-2.el8.x86_64
DEBUG util.py:461:  acl-2.2.53-3.el8.x86_64
DEBUG util.py:461:  patch-2.7.6-11.el8.x86_64
DEBUG util.py:461:  xml-common-0.6.3-50.el8.noarch
DEBUG util.py:461:  dwz-0.12-10.el8.x86_64
DEBUG util.py:461:  isl-0.16.1-6.el8.x86_64
DEBUG util.py:461:  gnutls-3.6.16-8.el8_10.6.x86_64
DEBUG util.py:461:  zstd-1.4.4-1.el8.x86_64
DEBUG util.py:461:  coreutils-common-8.30-17.el8_10.x86_64
DEBUG util.py:461:  coreutils-8.30-17.el8_10.x86_64
DEBUG util.py:461:  libdb-5.3.28-42.el8_4.x86_64
DEBUG util.py:461:  libmount-2.32.1-48.el8_10.x86_64
DEBUG util.py:461:  glib2-2.56.4-169.el8_10.x86_64
DEBUG util.py:461:  shadow-utils-4.6-23.el8_10.x86_64
DEBUG util.py:461:  cracklib-2.9.6-15.el8.x86_64
DEBUG util.py:461:  binutils-2.30-128.el8_10.x86_64
DEBUG util.py:461:  tpm2-tss-2.3.2-6.el8.x86_64
DEBUG util.py:461:  dbus-glib-0.110-2.el8.x86_64
DEBUG util.py:461:  libusbx-1.0.23-4.el8.x86_64
DEBUG util.py:461:  libfdisk-2.32.1-48.el8_10.x86_64
DEBUG util.py:461:  openssl-1.1.1k-15.el8_6.x86_64
DEBUG util.py:461:  perl-Digest-MD5-2.55-396.el8.x86_64
DEBUG util.py:461:  perl-libnet-3.11-3.el8.noarch
DEBUG util.py:461:  perl-Pod-Escapes-1.07-395.el8.noarch
DEBUG util.py:461:  perl-Mozilla-CA-20160104-7.module_el8.5.0+2812+ed912d05.noarch
DEBUG util.py:461:  perl-Time-Local-1.280-1.el8.noarch
DEBUG util.py:461:  perl-Term-ANSIColor-4.06-396.el8.noarch
DEBUG util.py:461:  perl-File-Temp-0.230.600-1.el8.noarch
DEBUG util.py:461:  perl-HTTP-Tiny-0.074-3.el8.noarch
DEBUG util.py:461:  perl-Pod-Perldoc-3.28-396.el8.noarch
DEBUG util.py:461:  perl-Pod-Usage-1.69-395.el8.noarch
DEBUG util.py:461:  perl-Storable-3.11-3.el8.x86_64
DEBUG util.py:461:  perl-Errno-1.28-423.el8_10.x86_64
DEBUG util.py:461:  perl-Encode-2.97-3.el8.x86_64
DEBUG util.py:461:  perl-Exporter-5.72-396.el8.noarch
DEBUG util.py:461:  perl-Scalar-List-Utils-1.49-2.el8.x86_64
DEBUG util.py:461:  perl-macros-5.26.3-423.el8_10.x86_64
DEBUG util.py:461:  perl-Unicode-Normalize-1.25-396.el8.x86_64
DEBUG util.py:461:  perl-IO-1.38-423.el8_10.x86_64
DEBUG util.py:461:  perl-constant-1.33-396.el8.noarch
DEBUG util.py:461:  perl-threads-shared-1.58-2.el8.x86_64
DEBUG util.py:461:  libarchive-3.3.3-7.el8_10.x86_64
DEBUG util.py:461:  libgomp-8.5.0-28.el8_10.alma.1.x86_64
DEBUG util.py:461:  libatomic_ops-7.6.2-3.el8.x86_64
DEBUG util.py:461:  libipt-1.6.1-8.el8.x86_64
DEBUG util.py:461:  cpio-2.12-11.el8.x86_64
DEBUG util.py:461:  libnghttp2-1.33.0-6.el8_10.2.x86_64
DEBUG util.py:461:  man-db-2.7.6.1-18.el8.x86_64
DEBUG util.py:461:  pkgconf-1.4.2-1.el8.x86_64
DEBUG util.py:461:  libxcrypt-devel-4.1.1-6.el8.x86_64
DEBUG util.py:461:  gcc-8.5.0-28.el8_10.alma.1.x86_64
DEBUG util.py:461:  gcc-plugin-annobin-8.5.0-28.el8_10.alma.1.x86_64
DEBUG util.py:461:  zlib-devel-1.2.11-25.el8.x86_64
DEBUG util.py:461:  libsigsegv-2.11-5.el8.x86_64
DEBUG util.py:461:  libtool-ltdl-2.4.6-25.el8.x86_64
DEBUG util.py:461:  libverto-0.3.2-2.el8.x86_64
DEBUG util.py:461:  libtirpc-1.1.4-12.el8_10.x86_64
DEBUG util.py:461:  platform-python-setuptools-39.2.0-9.el8_10.noarch
DEBUG util.py:461:  python3-libs-3.6.8-76.el8_10.alma.1.x86_64
DEBUG util.py:461:  pam-1.3.1-39.el8_10.x86_64
DEBUG util.py:461:  python3-dbus-1.2.4-15.el8.x86_64
DEBUG util.py:461:  device-mapper-libs-1.02.181-15.el8_10.3.x86_64
DEBUG util.py:461:  elfutils-default-yama-scope-0.190-2.el8.alma.1.noarch
DEBUG util.py:461:  dbus-common-1.12.8-28.el8_10.noarch
DEBUG util.py:461:  systemd-pam-239-82.el8_10.16.x86_64
DEBUG util.py:461:  dbus-1.12.8-28.el8_10.x86_64
DEBUG util.py:461:  libbabeltrace-1.5.4-4.el8.x86_64
DEBUG util.py:461:  openssh-clients-8.0p1-29.el8_10.x86_64
DEBUG util.py:461:  python3-systemd-234-8.el8.x86_64
DEBUG util.py:461:  python3-six-1.11.0-8.el8.noarch
DEBUG util.py:461:  cyrus-sasl-lib-2.1.27-6.el8_5.x86_64
DEBUG util.py:461:  libyaml-0.1.7-5.el8.x86_64
DEBUG util.py:461:  gnupg2-2.2.20-4.el8_10.x86_64
DEBUG util.py:461:  python3-gpg-1.13.1-12.el8.x86_64
DEBUG util.py:461:  libssh-0.9.6-16.el8_10.x86_64
DEBUG util.py:461:  librepo-1.14.2-5.el8.x86_64
DEBUG util.py:461:  rpm-4.14.3-32.el8_10.x86_64
DEBUG util.py:461:  libmodulemd-2.13.0-1.el8.x86_64
DEBUG util.py:461:  libdnf-0.63.0-21.el8_10.alma.1.x86_64
DEBUG util.py:461:  python3-hawkey-0.63.0-21.el8_10.alma.1.x86_64
DEBUG util.py:461:  python3-rpm-4.14.3-32.el8_10.x86_64
DEBUG util.py:461:  efi-srpm-macros-3-3.el8.cloudlinux.noarch
DEBUG util.py:461:  dnf-data-4.7.0-21.el8_10.alma.1.noarch
DEBUG util.py:461:  dnf-4.7.0-21.el8_10.alma.1.noarch
DEBUG util.py:461:  dnf-plugins-core-4.0.21-25.el8.noarch
DEBUG util.py:461:  rust-srpm-macros-5-2.el8.noarch
DEBUG util.py:461:  perl-srpm-macros-1-25.el8.noarch
DEBUG util.py:461:  ocaml-srpm-macros-5-4.el8.noarch
DEBUG util.py:608:  Child return code was: 0
DEBUG util.py:634:  child environment: None
DEBUG util.py:556:  Executing command: rpm -qa --root '/srv/build-node/mock/085d950e3ee68860fb377cce1c22e8c40243da338f2fd4534e4765cbf1c696d9.0/root' --qf '%{nevra} %{buildtime} %{size} %{pkgid} installed\n' with env {'TERM': 'vt100', 'SHELL': '/bin/sh', 'HOME': '/builddir', 'HOSTNAME': 'mock', 'PATH': '/usr/bin:/bin:/usr/sbin:/sbin', 'LANG': 'C.UTF-8'} and shell True
DEBUG util.py:461:  ghc-srpm-macros-1.4.2-7.el8.noarch 1571008156 414 b31a25c1a96349c99c73d0531b290918 installed
DEBUG util.py:461:  crypto-policies-20230731-1.git3177e06.el8.noarch 1697342317 73739 c383eb4e9bacfd944352d682e1718bc7 installed
DEBUG util.py:461:  cmake-filesystem-3.26.5-2.el8.x86_64 1712347762 0 4cf246dd0e888d3e85df0c7a5b7431f8 installed
DEBUG util.py:461:  tzdata-2026b-1.el8.noarch 1779762930 1985220 9e1d0bc0b44b562e4d820265dd9cd751 installed
DEBUG util.py:461:  rpm-build-4.14.3-32.el8_10.x86_64 1734408670 299106 8e94b3c0b843b2497a1923f9d946c1ee installed
DEBUG util.py:461:  python3-pip-wheel-9.0.3-24.el8.noarch 1712410870 897991 98b4eed4137d0f292b103c41713be7e1 installed
DEBUG util.py:461:  kernel-rpm-macros-1:131-1.el8.cloudlinux.noarch 1684161409 27902 8af57630010f913575b8e053622bbe80 installed
DEBUG util.py:461:  python3-rpm-macros-3-45.el8.noarch 1684241739 3714 e21aee29c790c6f9d6816c2fcef3bcf3 installed
DEBUG util.py:461:  scl-utils-1:2.0.2-16.el8.x86_64 1680365432 63656 3209ac1d7d9b37b21eee062683f7492f installed
DEBUG util.py:461:  publicsuffix-list-dafsa-20180723-1.el8.noarch 1573807861 64502 7270896e36c1ab14d6a0ee02d0a79b9b installed
DEBUG util.py:461:  gcc-c++-8.5.0-28.el8_10.alma.1.x86_64 1756209600 32191691 655754ee1a14c27bbc1f91c8239fa9b8 installed
DEBUG util.py:461:  ncurses-base-6.1-10.20180224.el8.noarch 1697309544 290089 ce6326870742a02880bcce5d7021e0da installed
DEBUG util.py:461:  make-1:4.2.1-11.el8.x86_64 1650299955 1436328 07d39fde7080a2f474e72bfb68e53dc9 installed
DEBUG util.py:461:  cloudlinux-release-8.10-14.el8.x86_64 1777292018 77487 e5ff8b04d9f6f20f280108bb424ae37c installed
DEBUG util.py:461:  nss-util-3.112.0-8.el8_10.x86_64 1776206325 233076 ce325df68927bd7efd44572d47129923 installed
DEBUG util.py:461:  filesystem-3.8-6.el8.x86_64 1633769510 0 f08ab4a30bbd96fa8b9c60ae8093c767 installed
DEBUG util.py:461:  nss-softokn-3.112.0-8.el8_10.x86_64 1776206325 2259744 1996e39d7b395d2d761ccc4f037b01a1 installed
DEBUG util.py:461:  ncurses-libs-6.1-10.20180224.el8.x86_64 1697309698 955832 ec278e4d9dd9cf3d9e2c21462d884c8f installed
DEBUG util.py:461:  pcre2-utf16-10.32-3.el8_6.x86_64 1659456464 599854 496b275a614767305e76a3d5115c01e2 installed
DEBUG util.py:461:  bash-4.4.20-6.el8_10.x86_64 1756198277 6865564 463d29674d0fe207b9dc20a9e4f7036a installed
DEBUG util.py:461:  parted-3.2-39.el8.x86_64 1633708490 2118084 15f0925ae27e0377b91283c8496d6d17 installed
DEBUG util.py:461:  glibc-gconv-extra-2.28-251.el8_10.37.x86_64 1779789102 6416038 ec73cd47ba437fff5cb70cc6400002a8 installed
DEBUG util.py:461:  libzstd-devel-1.4.4-1.el8.x86_64 1597790682 152846 ea81a7732184addc94d0cd7302a444e7 installed
DEBUG util.py:461:  glibc-2.28-251.el8_10.37.x86_64 1779789102 6884552 e6eacf423e25f1a1989c0c46c809e8d4 installed
DEBUG util.py:461:  libsepol-devel-2.9-3.el8.x86_64 1633747466 129692 847c45ebfb65e643085f1eef0daaacf8 installed
DEBUG util.py:461:  zlib-1.2.11-25.el8.x86_64 1697061746 199959 f318fbaba9338a0f3d713fe9f9166085 installed
DEBUG util.py:461:  libkadm5-1.18.2-34.el8_10.x86_64 1778654070 224368 f61c653aab8a4684f620825780db5383 installed
DEBUG util.py:461:  xz-libs-5.2.4-4.el8_6.x86_64 1655211822 164967 d845462b9b5ac7651641e1d9ef0a12f1 installed
DEBUG util.py:461:  keyutils-libs-devel-1.5.10-9.el8.x86_64 1633701057 33454 55d2c98b4bd439ae5497f82a94dd15e8 installed
DEBUG util.py:461:  libstdc++-8.5.0-28.el8_10.alma.1.x86_64 1756209600 1935540 d46e0dbca9387611da8d1d0ddfd45c0d installed
DEBUG util.py:461:  emacs-filesystem-1:26.1-15.el8_10.noarch 1752573774 0 0c9124d4d771aca277bf735cf22e2f23 installed
DEBUG util.py:461:  gmp-1:6.1.2-11.el8.x86_64 1716472916 766316 07d97bf9a5c532649368997ba0044b18 installed
DEBUG util.py:461:  crypto-policies-scripts-20230731-1.git3177e06.el8.noarch 1697342317 190780 15dd4c2cc87c8198739d9c7d2a980ff5 installed
DEBUG util.py:461:  libgpg-error-1.31-1.el8.x86_64 1570882847 902818 a6e27a1a568543273350cf2de88a1fb8 installed
DEBUG util.py:461:  nss-sysinit-3.112.0-8.el8_10.x86_64 1776206325 14403 a90a9890a89f1fa37e860d700218da52 installed
DEBUG util.py:461:  libzstd-1.4.4-1.el8.x86_64 1597790682 698061 bbc3c63ac94f041b08c74c45d8b4f32b installed
DEBUG util.py:461:  perl-TermReadKey-2.37-7.el8.x86_64 1570971591 66205 ef7491c6247cb6727bdb0b91949e462e installed
DEBUG util.py:461:  libxml2-2.9.7-21.el8_10.4.x86_64 1777375892 1757226 b3c70fddf99c3ef467d0bf2b477baab3 installed
DEBUG util.py:461:  git-core-doc-2.43.7-1.el8_10.noarch 1753195393 14704688 7446a752617059249e46c08c380e899e installed
DEBUG util.py:461:  popt-1.18-1.el8.x86_64 1617942835 126618 1bdf6fe22eaf60267076e42034215369 installed
DEBUG util.py:461:  git-2.43.7-1.el8_10.x86_64 1753254117 87938 c29ddc8db964fa060b9a633e2378758f installed
DEBUG util.py:461:  readline-7.0-10.el8.x86_64 1570799624 466321 17da0e5a40e0ae2f351f1d7bef47e4d5 installed
DEBUG util.py:461:  openssl-devel-1:1.1.1k-15.el8_6.x86_64 1771833252 3550699 b7e09a7d6a93b04ba9d61036c9611169 installed
DEBUG util.py:461:  libuuid-2.32.1-48.el8_10.x86_64 1770236304 35104 9fd21ad37b3c74a065302ba2568199c7 installed
DEBUG util.py:461:  efitools-1.9.2-9.el8.x86_64 1694621548 986741 37753d8f8fe522d8d2fa63d09aa5e0ba installed
DEBUG util.py:461:  file-libs-5.33-27.el8_10.x86_64 1759818650 6385855 4afd95b8e5c04387480ad62c50361b19 installed
DEBUG util.py:461:  libacl-2.2.53-3.el8.x86_64 1712405746 37864 28262bbbb348e14b91859e778def7eee installed
DEBUG util.py:461:  lua-libs-5.3.4-12.el8.x86_64 1633756479 247888 e9cc2b3375e8d2f8e3b375f3e387e405 installed
DEBUG util.py:461:  libidn2-2.2.0-1.el8.x86_64 1573743877 253706 905343d4141d8797df1029717b6dd000 installed
DEBUG util.py:461:  json-c-0.13.1-3.el8.x86_64 1650292964 69282 d720e53c93d7d07a0b3ec95792d0d58d installed
DEBUG util.py:461:  p11-kit-0.23.22-2.el8.x86_64 1712412985 1650594 79e8698142ccf67b8e29262f5256c5b9 installed
DEBUG util.py:461:  libmpc-1.1.0-9.1.el8.x86_64 1617859705 127085 75cd38ac1c64b73249d5cbb728435a4e installed
DEBUG util.py:461:  findutils-1:4.6.0-24.el8_10.x86_64 1766069842 1768980 f07453d88c69d3fb03df20cae9796a78 installed
DEBUG util.py:461:  libcap-ng-0.7.11-1.el8.x86_64 1633740976 51470 3f0d6cf675a585a2ae3f56412b30bd51 installed
DEBUG util.py:461:  lz4-libs-1.8.3-5.el8_10.x86_64 1752571479 121151 12816866284b9afefeaa3956af1c9762 installed
DEBUG util.py:461:  file-5.33-27.el8_10.x86_64 1759818650 93427 8f02b0a304500fec540bc44f4ae5a690 installed
DEBUG util.py:461:  unzip-6.0-48.el8_10.x86_64 1748916613 424061 6dafe825b00d391b53ffa936f1c8ad70 installed
DEBUG util.py:461:  glibc-headers-2.28-251.el8_10.37.x86_64 1779789102 2031720 b71a9d0756ad3bbbdaf67054288ee36a installed
DEBUG util.py:461:  libtasn1-4.13-5.el8_10.x86_64 1745287845 165309 579705f34df38b91cb2ef044b87dcb18 installed
DEBUG util.py:461:  ncurses-6.1-10.20180224.el8.x86_64 1697309698 589460 78631e2dd1d558f04e8e66601677a21d installed
DEBUG util.py:461:  grep-3.1-6.el8.x86_64 1570806983 835205 617d031c721f71e75bf3e3baf23c7091 installed
DEBUG util.py:461:  zip-3.0-23.el8.x86_64 1570799464 842877 95a7b729e9631402fdae56c0870bb5be installed
DEBUG util.py:461:  cpp-8.5.0-28.el8_10.alma.1.x86_64 1756209600 29645334 6398d1bd8301bfa8dd2a87700bebf2da installed
DEBUG util.py:461:  libpsl-0.20.2-6.el8.x86_64 1597740996 70716 4df972c0ea829c6b432fe0deb08d2991 installed
DEBUG util.py:461:  tar-2:1.30-11.el8_10.x86_64 1756198900 2876623 4827127bc82c0fea1c131d9576f626de installed
DEBUG util.py:461:  libcomps-0.1.18-1.el8.x86_64 1650296150 219236 aa62119401199393f259029325c7b831 installed
DEBUG util.py:461:  iso-codes-3.79-2.el8.noarch 1570981311 18244318 96863d9bb86403474b1c3def4854745e installed
DEBUG util.py:461:  libksba-1.3.5-9.el8_7.x86_64 1675786363 334047 3e44897ff30014b35842a4ce8ae876c0 installed
DEBUG util.py:461:  nettle-3.4.1-7.el8.x86_64 1633731140 572241 799d8ed3705966a8137181ca04825056 installed
DEBUG util.py:461:  libstdc++-devel-8.5.0-28.el8_10.alma.1.x86_64 1756209600 11815138 b39eddb9b824872e9d1815619a60593e installed
DEBUG util.py:461:  bzip2-1.0.6-28.el8_10.x86_64 1738028339 92004 e9885ff4425cfa5e57bdba00063b8f4e installed
DEBUG util.py:461:  openssl-libs-1:1.1.1k-15.el8_6.x86_64 1771833252 3778178 f92670a6944bc78acba58e18b57c1b48 installed
DEBUG util.py:461:  ca-certificates-2025.2.80_v9.0.304-80.2.el8_10.noarch 1761835024 2542496 20d2d456c2302c96de74f74f3820ef28 installed
DEBUG util.py:461:  libblkid-2.32.1-48.el8_10.x86_64 1770236304 343960 d5a99086eda602fc8c072aac326cd3c8 installed
DEBUG util.py:461:  systemd-libs-239-82.el8_10.16.x86_64 1776942813 4698518 4c533006096e17104fdced148d6849df installed
DEBUG util.py:461:  dbus-libs-1:1.12.8-28.el8_10.x86_64 1777980278 380760 476e106dc220d346eed8ab02ca468a45 installed
DEBUG util.py:461:  gzip-1.9-13.el8_5.x86_64 1651038570 352906 8485fc0a37da935f0fb3745fabe7b8d3 installed
DEBUG util.py:461:  cracklib-dicts-2.9.6-15.el8.x86_64 1570841236 9815016 071211514751a2efe85da16a5fb063aa installed
DEBUG util.py:461:  libutempter-1.1.6-14.el8.x86_64 1570840217 52637 d15e3fa768493145a039d31652c4cc86 installed
DEBUG util.py:461:  ima-evm-utils-1.3.2-12.el8.x86_64 1617896657 137650 f1149a7855779cc12e174470a311d718 installed
DEBUG util.py:461:  dbus-tools-1:1.12.8-28.el8_10.x86_64 1777980278 124962 786de01d5774a5f8c7ba06b4d013f044 installed
DEBUG util.py:461:  procps-ng-3.3.15-14.el8.x86_64 1697315463 903396 4544c91e8647ffb6b860fd6ae9f23209 installed
DEBUG util.py:461:  libdb-utils-5.3.28-42.el8_4.x86_64 1632242311 369615 6daac401996c9b2e9b227aeb311a0f3b installed
DEBUG util.py:461:  perl-Digest-1.17-395.el8.noarch 1570955296 26684 072565006d46d446394b93ecf0e54f10 installed
DEBUG util.py:461:  perl-Data-Dumper-2.167-399.el8.x86_64 1570953565 106522 4aaca693a5d94d0b2a1d0ec87e44a93d installed
DEBUG util.py:461:  perl-URI-1.73-3.el8.noarch 1573658335 216452 7cfda8476b9d47b81efca515aa1a10aa installed
DEBUG util.py:461:  perl-Net-SSLeay-1.88-2.module_el8.6.0+2811+fe6c84b0.x86_64 1650648167 1329463 d919a6badfb10e722dd399ceadd83388 installed
DEBUG util.py:461:  perl-IO-Socket-IP-0.39-5.el8.noarch 1570961507 99525 2dc8a8bad7bed75fa888dcfa9c1d2bc3 installed
DEBUG util.py:461:  perl-IO-Socket-SSL-2.066-4.module_el8.6.0+2811+fe6c84b0.noarch 1650651986 618704 e0497e147211fd2f278cbc32c0260c53 installed
DEBUG util.py:461:  perl-Term-Cap-1.17-395.el8.noarch 1570969761 29850 d0afbeb40ac50e1b7b1b07c173cd1156 installed
DEBUG util.py:461:  perl-Pod-Simple-1:3.35-395.el8.noarch 1570967776 543719 824775291c12f0068b569b3522ac72ce installed
DEBUG util.py:461:  perl-podlators-4.11-1.el8.noarch 1570975956 287639 064949a8a909ca135e7d688ace2c917e installed
DEBUG util.py:461:  perl-Text-ParseWords-3.30-395.el8.noarch 1570971722 13101 346595595f637723eece1706e7291034 installed
DEBUG util.py:461:  perl-MIME-Base64-3.15-396.el8.x86_64 1570964945 41435 9fe8eb59149b8d046f95f27133d42549 installed
DEBUG util.py:461:  perl-Getopt-Long-1:2.50-4.el8.noarch 1570959003 139724 a3bbdda23ff50bd2a9747bd0a4a9be5e installed
DEBUG util.py:461:  perl-Socket-4:2.027-3.el8.x86_64 1574149783 124014 29a3be3faf6b197006451b3147d2b838 installed
DEBUG util.py:461:  perl-Carp-1.42-396.el8.noarch 1570950374 41850 821277a3553443f1cb2d171e5168f91d installed
DEBUG util.py:461:  perl-libs-4:5.26.3-423.el8_10.x86_64 1753690162 6105206 59003bfb9aeccabb1e957f9212258e5f installed
DEBUG util.py:461:  perl-parent-1:0.237-1.el8.noarch 1570975781 9187 e99f03aab06d4a8cb770f972a1cd2dc1 installed
DEBUG util.py:461:  perl-Text-Tabs+Wrap-2013.0523-395.el8.noarch 1571071842 24825 24a88eb5e4c1babe855c1f00f95c0c40 installed
DEBUG util.py:461:  perl-File-Path-2.15-2.el8.noarch 1570958008 64920 c954f28bf7c10427abf97f6211cc268e installed
DEBUG util.py:461:  perl-PathTools-3.74-1.el8.x86_64 1570968071 182821 e64811ec0bbd22c70ed5102624927d3e installed
DEBUG util.py:461:  perl-threads-1:2.21-2.el8.x86_64 1570980992 109155 d3fca77ec49004f2491415b023262db7 installed
DEBUG util.py:461:  perl-interpreter-4:5.26.3-423.el8_10.x86_64 1753690162 14398532 c5155a5f0ab94593fda6159961e78abe installed
DEBUG util.py:461:  kmod-libs-2:25-20.el8.cloudlinux.1.x86_64 1713804767 126656 a7b2cda364a5234a24a3e79b09f24e17 installed
DEBUG util.py:461:  tcl-1:8.6.8-2.el8.x86_64 1570840108 4377294 d261dcf6e7913954e01f0fef0b9168e8 installed
DEBUG util.py:461:  gc-7.6.4-3.el8.x86_64 1570929026 229024 93d9ab4914b0fc0b9087a9153b00638b installed
DEBUG util.py:461:  brotli-1.0.6-4.el8_10.x86_64 1770734804 1522164 8d5e2dbf1956efb61ef94b18aa814bb5 installed
DEBUG util.py:461:  libedit-3.1-23.20170329cvs.el8.x86_64 1570877654 247168 9ad80aa728853a773c1351b61932de91 installed
DEBUG util.py:461:  libpipeline-1.5.0-2.el8.x86_64 1571075311 126425 386be8437f554aba4a040581d04483b9 installed
DEBUG util.py:461:  libpkgconf-1.4.2-1.el8.x86_64 1570949856 68093 fb556973b263b432b7cd428d144e1bc8 installed
DEBUG util.py:461:  pkgconf-pkg-config-1.4.2-1.el8.x86_64 1570949856 3094 d6a499392cd113c3d432815b73c0beaa installed
DEBUG util.py:461:  glibc-devel-2.28-251.el8_10.37.x86_64 1779789102 240562 ea5f83ba47428439f93f73b79971990b installed
DEBUG util.py:461:  annobin-11.13-2.el8.x86_64 1697050857 1005411 a22b4e35017ec4b834bbf4b51be5419c installed
DEBUG util.py:461:  xz-devel-5.2.4-4.el8_6.x86_64 1655211822 206470 74deb1b9094f956df19f98a72942bde1 installed
DEBUG util.py:461:  libseccomp-2.5.2-1.el8.x86_64 1650304736 169805 42217d0929c652cff0a465a3e63fa215 installed
DEBUG util.py:461:  gawk-4.2.1-4.el8.x86_64 1650297393 2700342 860e9a6ea58da2e5acb213552bd923d0 installed
DEBUG util.py:461:  guile-5:2.0.14-7.el8.x86_64 1570929621 12159798 274039b08959d7e0e00673b806a94a38 installed
DEBUG util.py:461:  krb5-libs-1.18.2-34.el8_10.x86_64 1778654070 2242746 0f1a83ecef2e90453ee04c8b27d099b2 installed
DEBUG util.py:461:  libnsl2-1.2.0-2.20180605git4a062cf.el8.x86_64 1571070958 147122 5e1f824ad2167fca67c95167cd5e9430 installed
DEBUG util.py:461:  platform-python-3.6.8-76.el8_10.alma.1.x86_64 1777358223 41222 e131a02a833aa77a7074e70c55bffa41 installed
DEBUG util.py:461:  libpwquality-1.4.4-6.el8.x86_64 1680373457 396846 85121d7754593e6227e14a7219fafa4f installed
DEBUG util.py:461:  util-linux-2.32.1-48.el8_10.x86_64 1770236304 11576507 97da31d3a46c9001bf8171e60f4252c4 installed
DEBUG util.py:461:  device-mapper-8:1.02.181-15.el8_10.3.x86_64 1769153477 357932 2dbb787d81d894bb4b8144d7a8e890ff installed
DEBUG util.py:461:  cryptsetup-libs-2.3.7-7.el8.x86_64 1697341858 2145935 1d16a9ec8dd52905c8408e8d673eaae8 installed
DEBUG util.py:461:  elfutils-libs-0.190-2.el8.alma.1.x86_64 1756126628 738263 beacfd906b3bf273008069af488eec87 installed
DEBUG util.py:461:  dbus-daemon-1:1.12.8-28.el8_10.x86_64 1777980278 559341 d2b6a709181b54006f533380f7394916 installed
DEBUG util.py:461:  systemd-239-82.el8_10.16.x86_64 1776942813 11371139 3b080a33bc1f019953eebc6d42f92187 installed
DEBUG util.py:461:  elfutils-0.190-2.el8.alma.1.x86_64 1756126628 2932142 a0865f8a871b7db56d2c17b3c7a78c58 installed
DEBUG util.py:461:  openssh-8.0p1-29.el8_10.x86_64 1777926332 1942016 d7efbcd214b78dcd7cdf181448ce6967 installed
DEBUG util.py:461:  python3-libcomps-0.1.18-1.el8.x86_64 1650296150 143998 fc998eab726fc1c7f454d0c5887fc358 installed
DEBUG util.py:461:  environment-modules-4.5.2-4.el8.x86_64 1697309459 1919455 4a511f2a67999b2d098fa912e3dd4ced installed
DEBUG util.py:461:  python3-dateutil-1:2.6.1-6.el8.noarch 1573751324 596677 b78cbc79899615343d2c8121aaebec42 installed
DEBUG util.py:461:  openldap-2.4.46-21.el8_10.x86_64 1741686291 1006691 bdbdff5056dd691c99b835b7800e731a installed
DEBUG util.py:461:  npth-1.5-4.el8.x86_64 1571000973 47909 923bc0b204b2492684217e4191f7a61c installed
DEBUG util.py:461:  gpgme-1.13.1-12.el8.x86_64 1712406607 1005040 ab68b76e2e612dd287da7f03133838c7 installed
DEBUG util.py:461:  libssh-config-0.9.6-16.el8_10.noarch 1764014300 277 f4666494b029c5828221df27e20b0f64 installed
DEBUG util.py:461:  libcurl-7.61.1-34.el8_10.11.x86_64 1774361145 601856 2b1eea51dd9ea53f1f1ae4f9251fd990 installed
DEBUG util.py:461:  curl-7.61.1-34.el8_10.11.x86_64 1774361145 701120 34c7ac6555faded8d5c847fa9e7f875f installed
DEBUG util.py:461:  rpm-libs-4.14.3-32.el8_10.x86_64 1734408670 743680 489e5a091603caf42688d59a595763f0 installed
DEBUG util.py:461:  libsolv-0.7.20-6.el8.x86_64 1697065766 803739 789cf1dcd52684706882d9251513969c installed
DEBUG util.py:461:  python3-libdnf-0.63.0-21.el8_10.alma.1.x86_64 1738133998 4063706 0f763713037a81ebea3490f7b9a79feb installed
DEBUG util.py:461:  rpm-build-libs-4.14.3-32.el8_10.x86_64 1734408670 216152 48b78e8e7d379a17949835bf9ff991b5 installed
DEBUG util.py:461:  gdb-headless-8.2-20.el8.x86_64 1697051416 11909961 174431c13d1cf5df1ba7dfd16f5f7d98 installed
DEBUG util.py:461:  libreport-filesystem-2.9.5-15.el8.alma.1.x86_64 1613031278 0 a57b96989b94d407562aa0c590367ce8 installed
DEBUG util.py:461:  python3-dnf-4.7.0-21.el8_10.alma.1.noarch 1741686524 1916968 b91f1eab6c4a3def7c3d32f34e78ea6a installed
DEBUG util.py:461:  python3-dnf-plugins-core-4.0.21-25.el8.noarch 1712570571 908005 a8a4661fd19fd3d2e9d13c39cfd1efb6 installed
DEBUG util.py:461:  yum-utils-4.0.21-25.el8.noarch 1712570571 23274 72fe17e82247e3885ebb40c3182f392e installed
DEBUG util.py:461:  qt5-srpm-macros-5.15.3-1.el8.noarch 1665240446 0 13930856f05192204b4325eb0f3c905d installed
DEBUG util.py:461:  openblas-srpm-macros-2-2.el8.noarch 1571258850 104 d409c4addd2ba101a4d74ec42c7d04a0 installed
DEBUG util.py:461:  go-srpm-macros-2-17.el8.noarch 1617893120 7342 f9e982a61afd93e325aea64d163ef5c3 installed
DEBUG util.py:461:  libgcc-8.5.0-28.el8_10.alma.1.x86_64 1756209600 190232 581cb64c350f0f62d4c8b8bb2f338645 installed
DEBUG util.py:461:  redhat-rpm-config-1:131-1.el8.cloudlinux.noarch 1684161409 157411 7b50dbba1ecad10c912e4528d73fc64d installed
DEBUG util.py:461:  python-srpm-macros-3-45.el8.noarch 1684241739 6093 6974c7a99642cd08cb46a0809e517ac7 installed
DEBUG util.py:461:  libxml2-devel-2.9.7-21.el8_10.4.x86_64 1777375892 9203684 7e6f9141e7ab80ae425b2f0a2d560a70 installed
DEBUG util.py:461:  python3-setuptools-wheel-39.2.0-9.el8_10.noarch 1752570848 345327 43676cd49ee9bbb63f73babd09bfe2a3 installed
DEBUG util.py:461:  scl-utils-build-1:2.0.2-16.el8.x86_64 1680365432 19481 17cd9f74fece5d21a705ccf4c229545a installed
DEBUG util.py:461:  python-rpm-macros-3-45.el8.noarch 1684241739 4325 39a036470a691cdee9fd7704d55ba30f installed
DEBUG util.py:461:  alt-build-macros-1-13.el8.noarch 1760622896 5777 cc1459022f96c14d9bbde8623e2b3749 installed
DEBUG util.py:461:  kernel-headers-1:4.18.0-553.124.4.lve.el8.x86_64 1778852363 5653931 fa5027ddeac21dbe39ac95cfa9a112d3 installed
DEBUG util.py:461:  git-core-2.43.7-1.el8_10.x86_64 1753254117 33353791 90ac9a0ccafa3fdc63d8404fffdbc444 installed
DEBUG util.py:461:  pkgconf-m4-1.4.2-1.el8.noarch 1570949719 14187 4cfa44df9ac23a6c716ac704552237b6 installed
DEBUG util.py:461:  which-2.21-21.el8_10.x86_64 1756198485 83404 a5ae93ce55e5b3cc07203d59ce5c7496 installed
DEBUG util.py:461:  pcre2-10.32-3.el8_6.x86_64 1659456464 656742 67ffc48a75cc530a20627074567acb15 installed
DEBUG util.py:461:  nspr-4.36.0-2.el8_10.x86_64 1757425375 317590 34fbe6ca5bae3178dddde5f7237b09c6 installed
DEBUG util.py:461:  setup-1:2.12.2-9.el8.cloudlinux.noarch 1684162003 724747 2cfb5551156aa46539a7d387469d2f7b installed
DEBUG util.py:461:  nss-softokn-freebl-3.112.0-8.el8_10.x86_64 1776206325 1121408 f90bf564bb34a8a5498729274c6fa457 installed
DEBUG util.py:461:  basesystem-11-5.el8.noarch 1570798431 0 8071349d7effd7d19da1fafee0f1a8d8 installed
DEBUG util.py:461:  pcre2-utf32-10.32-3.el8_6.x86_64 1659456464 583438 0c203b5cffcaa62a085b07c3d80bf801 installed
DEBUG util.py:461:  libselinux-2.9-11.el8_10.x86_64 1770733600 173176 7c7107c84c22ee1e124b01cca2fec551 installed
DEBUG util.py:461:  pcre2-devel-10.32-3.el8_6.x86_64 1659456464 1922619 e4c54094b8afc68d069f8f9d8da5017f installed
DEBUG util.py:461:  glibc-all-langpacks-2.28-251.el8_10.37.x86_64 1779789102 436464824 e074cafcb01e462099a8c2b0fe1d46c3 installed
DEBUG util.py:461:  mtools-4.0.18-15.el8_6.x86_64 1656421364 346633 cca610fc0b5df6ae02a32a29098e08b7 installed
DEBUG util.py:461:  glibc-common-2.28-251.el8_10.37.x86_64 1779789102 7997172 738343305e3d5f78606f339dd7efbf71 installed
DEBUG util.py:461:  libverto-devel-0.3.2-2.el8.x86_64 1665215383 26296 533d447aabd29b6538f4e819dd3bbd6b installed
DEBUG util.py:461:  libsepol-2.9-3.el8.x86_64 1633747466 761592 0946f0795611a98579991b1b86329e69 installed
DEBUG util.py:461:  libselinux-devel-2.9-11.el8_10.x86_64 1770733600 192407 12716a1a49f55b977356963dd2709c8c installed
DEBUG util.py:461:  info-6.5-7.el8.x86_64 1650301777 386466 558cdebec0bfde72fa0ab71bbb610d6e installed
DEBUG util.py:461:  libcom_err-devel-1.45.6-7.el8_10.x86_64 1759821952 17058 e7271fd4d38a159abefe5f764c87b942 installed
DEBUG util.py:461:  bzip2-libs-1.0.6-28.el8_10.x86_64 1738028339 75061 b1d2101692bd1301227fad236e9ff991 installed
DEBUG util.py:461:  krb5-devel-1.18.2-34.el8_10.x86_64 1778654070 1128231 a3679aa7a6fc22b786dc31e3bc5d0a9f installed
DEBUG util.py:461:  libxcrypt-4.1.1-6.el8.x86_64 1633752252 185860 1294b0de3284c3cfcee4fd69a949aa6c installed
DEBUG util.py:461:  efivar-libs-37-4.el8.x86_64 1604525307 276872 4e48a78e946000bebd52dff606d7cbcc installed
DEBUG util.py:461:  sqlite-libs-3.26.0-20.el8_10.x86_64 1753752806 1166537 430cb2fe9c1c45ea380a7b0bdb3c31dc installed
DEBUG util.py:461:  nss-3.112.0-8.el8_10.x86_64 1776206325 2112482 9f4bb8b94704921b4984593896d56c7e installed
DEBUG util.py:461:  libcap-2.48-6.el8_10.1.x86_64 1777926826 164965 17d9392e8a9f5ee2eb6c881b37285a1d installed
DEBUG util.py:461:  nss-tools-3.112.0-8.el8_10.x86_64 1776206325 2517790 6d74cc03ce7a9638f7172b0f1b8fdc31 installed
DEBUG util.py:461:  elfutils-libelf-0.190-2.el8.alma.1.x86_64 1756126628 1024034 4cf799ba21f9e0babd1000a07d4a2668 installed
DEBUG util.py:461:  perl-Error-1:0.17025-2.el8.noarch 1571067041 71562 6e9a4530eb8f401d3d1f3556283d92c7 installed
DEBUG util.py:461:  expat-2.5.0-1.el8_10.x86_64 1763623900 369512 c96ac84d45bf7f4b97aab893f2000c82 installed
DEBUG util.py:461:  perl-Git-2.43.7-1.el8_10.noarch 1753195393 66682 90785fae845bc81ecd007361f9baf6cd installed
DEBUG util.py:461:  mpfr-3.1.6-1.el8.x86_64 1570879690 612625 d5153c4b8be5ad5303231bf9c5facd0d installed
DEBUG util.py:461:  pesign-0.112-27.el8_7.x86_64 1680616636 1053416 4ece979c7bfd394e3342c1f386998d60 installed
DEBUG util.py:461:  libcom_err-1.45.6-7.el8_10.x86_64 1759821952 61393 76385638003d0c34088930e13cf0ce4a installed
DEBUG util.py:461:  elfutils-libelf-devel-0.190-2.el8.alma.1.x86_64 1756126628 35225 3c01289c0c3381332a2f97f40b376728 installed
DEBUG util.py:461:  chkconfig-1.19.2-1.el8.x86_64 1697323688 827758 3592988aaa6b2325730cf6810269d85d installed
DEBUG util.py:461:  dos2unix-7.4.0-3.el8.x86_64 1570841186 682042 15e58f68d181630214d09a0f485b4a1e installed
DEBUG util.py:461:  libattr-2.4.48-3.el8.x86_64 1570816691 27346 a9f9393450eaaaf8daa52ebeaf0d05ca installed
DEBUG util.py:461:  sed-4.5-5.el8_10.x86_64 1776194598 764966 92e99dec41125610f1ab45991eb5a66b installed
DEBUG util.py:461:  libunistring-0.9.9-3.el8.x86_64 1570877206 1855932 1ed8acc1da683155061ec05b87a8d1fb installed
DEBUG util.py:461:  gdbm-libs-1:1.18-2.el8.x86_64 1665235333 118448 3e44a6115036e2cad23e7799ef648913 installed
DEBUG util.py:461:  libffi-3.1-24.el8.x86_64 1680332000 53844 6c7a464f7a16eca5eaac4a2e6ee95f97 installed
DEBUG util.py:461:  libsmartcols-2.32.1-48.el8_10.x86_64 1770236304 248450 066d0b74ab4000f50fbad35e1b86e3c2 installed
DEBUG util.py:461:  libgcrypt-1.8.5-7.el8_6.x86_64 1656417299 1269734 70fbb0d21af13b31aec48f71887b4e9f installed
DEBUG util.py:461:  less-530-3.el8_10.x86_64 1719951038 328474 e47ab8e0a7b40391f0fd48b82cdbc408 installed
DEBUG util.py:461:  audit-libs-3.1.2-1.el8_10.1.x86_64 1752572522 308530 47022334fff5947a8d07ddb7a7857b25 installed
DEBUG util.py:461:  groff-base-1.22.3-18.el8.x86_64 1570976990 4274302 51506a359aeac95440baad3c008b475f installed
DEBUG util.py:461:  libassuan-2.5.1-3.el8.x86_64 1570877556 202763 b2311f915e456a49639bf26f3bad80bf installed
DEBUG util.py:461:  diffutils-3.6-6.el8.x86_64 1588605339 1655492 581e0a152f2141e6cb2247e310a7793d installed
DEBUG util.py:461:  keyutils-libs-1.5.10-9.el8.x86_64 1633701057 43766 d55066ef1b9b73c17341eb70a6e9d179 installed
DEBUG util.py:461:  p11-kit-trust-0.23.22-2.el8.x86_64 1712412985 483265 2683e8d34c5cacac2ea7db0455b2892e installed
DEBUG util.py:461:  pcre-8.42-6.el8.x86_64 1633720673 509819 b482103d827bd272ea4dbe2d7f555ba3 installed
DEBUG util.py:461:  xz-5.2.4-4.el8_6.x86_64 1655211822 424234 494206414fa2746c68782f947d497be1 installed
DEBUG util.py:461:  libsemanage-2.9-12.el8_10.x86_64 1748916414 312384 a1dd7b01b8e24f6187a4c47e392d6131 installed
DEBUG util.py:461:  gdbm-1:1.18-2.el8.x86_64 1665235333 389593 55f4b80a4b32c7bb80a662853fca4c2c installed
DEBUG util.py:461:  acl-2.2.53-3.el8.x86_64 1712405746 198404 b7e0d272ab95da3b20ff9e5690a75d11 installed
DEBUG util.py:461:  patch-2.7.6-11.el8.x86_64 1591024468 277241 dd09931427a844c5c46bb1b18fb0258d installed
DEBUG util.py:461:  xml-common-0.6.3-50.el8.noarch 1573807761 80250 c4764cbf176fd669842fed3d1a6aa22b installed
DEBUG util.py:461:  dwz-0.12-10.el8.x86_64 1633749969 230263 a62223b484ee32ad1c9af4243fed3134 installed
DEBUG util.py:461:  isl-0.16.1-6.el8.x86_64 1571012373 3270833 6332edcbfb4aadde6aabb25d1331d44f installed
DEBUG util.py:461:  gnutls-3.6.16-8.el8_10.6.x86_64 1779780336 3016295 f12834aea79eef9bfc284f56bc634186 installed
DEBUG util.py:461:  zstd-1.4.4-1.el8.x86_64 1597790682 1538890 2f6ac4b5b57376163b7d95e0e5a6c7d3 installed
DEBUG util.py:461:  coreutils-common-8.30-17.el8_10.x86_64 1774357568 9896370 9a6c4d7205e57abbfc77c5a0ff71ae79 installed
DEBUG util.py:461:  coreutils-8.30-17.el8_10.x86_64 1774357568 6108240 783a084a8d7fd78a9c77af48046d5745 installed
DEBUG util.py:461:  libdb-5.3.28-42.el8_4.x86_64 1632242311 1903352 a67fb98fbc3423b2b0c431e554ed0142 installed
DEBUG util.py:461:  libmount-2.32.1-48.el8_10.x86_64 1770236304 398282 ed35b9a8dcd7d1248ddd2b70d6bffaab installed
DEBUG util.py:461:  glib2-2.56.4-169.el8_10.x86_64 1778509421 12288056 8903461c627c594534aecc083738bc77 installed
DEBUG util.py:461:  shadow-utils-2:4.6-23.el8_10.x86_64 1766065866 4072286 2a146040c792f8c07f3885c06dc650d0 installed
DEBUG util.py:461:  cracklib-2.9.6-15.el8.x86_64 1570841236 239047 1330cb26e3ade489146e0bf814ceefb0 installed
DEBUG util.py:461:  binutils-2.30-128.el8_10.x86_64 1766067698 24836755 dce8d87d35b629dbfa514571f6bd65c1 installed
DEBUG util.py:461:  tpm2-tss-2.3.2-6.el8.x86_64 1712406564 1209206 2d7bce1182e64a594e9e6dabe949109f installed
DEBUG util.py:461:  dbus-glib-0.110-2.el8.x86_64 1572007987 367078 3a8384dfb827e635155f7ae565ffe0c6 installed
DEBUG util.py:461:  libusbx-1.0.23-4.el8.x86_64 1613476914 154147 f2638a3eac6d54c608e873b34db1391e installed
DEBUG util.py:461:  libfdisk-2.32.1-48.el8_10.x86_64 1770236304 438882 68b6ce9801dfce5725df8b5b2f4dfedd installed
DEBUG util.py:461:  openssl-1:1.1.1k-15.el8_6.x86_64 1771833252 1185641 4a586b970aa094824336a9d9f7bd7ca1 installed
DEBUG util.py:461:  perl-Digest-MD5-2.55-396.el8.x86_64 1570955939 56718 792ca46c883ae6a9d78911b4d15342e6 installed
DEBUG util.py:461:  perl-libnet-3.11-3.el8.noarch 1570999891 277134 4d8dd1b0a02e78141fbd3b7325f53c9f installed
DEBUG util.py:461:  perl-Pod-Escapes-1:1.07-395.el8.noarch 1570967377 25763 187e3c2a3b8529d94a9a2da54fe0f681 installed
DEBUG util.py:461:  perl-Mozilla-CA-20160104-7.module_el8.5.0+2812+ed912d05.noarch 1650649450 5714 375d0811943cf2e1613890608c5ff5d4 installed
DEBUG util.py:461:  perl-Time-Local-1:1.280-1.el8.noarch 1570972329 59906 6d642a23247175421e888aea70734752 installed
DEBUG util.py:461:  perl-Term-ANSIColor-4.06-396.el8.noarch 1570969691 89627 532e452e3f8b4d5bee4966eba48f4256 installed
DEBUG util.py:461:  perl-File-Temp-0.230.600-1.el8.noarch 1570958419 164723 888f861191d72eea118083c7122a87d8 installed
DEBUG util.py:461:  perl-HTTP-Tiny-0.074-3.el8.noarch 1712407881 149711 1dc0a60f64836c7853b336b9756ae028 installed
DEBUG util.py:461:  perl-Pod-Perldoc-3.28-396.el8.noarch 1570967638 169228 f625e81c2c106255c9923036d8275cb8 installed
DEBUG util.py:461:  perl-Pod-Usage-4:1.69-395.el8.noarch 1570967839 49720 6889c91accc929463eabf16f712eccc3 installed
DEBUG util.py:461:  perl-Storable-1:3.11-3.el8.x86_64 1570969971 221861 f2d647f6228956401e65e589babf7d8f installed
DEBUG util.py:461:  perl-Errno-0:1.28-423.el8_10.x86_64 1753690162 9507 ba297a6bf73e1746441ed156195bb278 installed
DEBUG util.py:461:  perl-Encode-4:2.97-3.el8.x86_64 1570956379 10200695 23d91a672e367872f2b57e6cea9d7473 installed
DEBUG util.py:461:  perl-Exporter-5.72-396.el8.noarch 1570956723 55718 70a86e64d90c4d05721fd1fe6d9762c8 installed
DEBUG util.py:461:  perl-Scalar-List-Utils-3:1.49-2.el8.x86_64 1570969561 124632 f421d1fe8fe39fbe86dbea2036579632 installed
DEBUG util.py:461:  perl-macros-4:5.26.3-423.el8_10.x86_64 1753690162 5184 2f586c895c2a65785904115416ebb762 installed
DEBUG util.py:461:  perl-Unicode-Normalize-1.25-396.el8.x86_64 1570974527 637517 878db7b5fec6d88208e78843eebdb692 installed
DEBUG util.py:461:  perl-IO-0:1.38-423.el8_10.x86_64 1753690162 139775 23a0ffcc4af71a3ab5241765d748b019 installed
DEBUG util.py:461:  perl-constant-1.33-396.el8.noarch 1570974903 27103 c7dc59a84907d4102a38362fbdc49ac8 installed
DEBUG util.py:461:  perl-threads-shared-1.58-2.el8.x86_64 1570981103 78170 bdeea948f0f057950cd59d7c4c67ecb2 installed
DEBUG util.py:461:  libarchive-3.3.3-7.el8_10.x86_64 1776367872 838287 0925c477027cdcb5d05c618b55a2f2af installed
DEBUG util.py:461:  libgomp-8.5.0-28.el8_10.alma.1.x86_64 1756209600 331991 21cdd8cea20ddd302fdfb78458a306df installed
DEBUG util.py:461:  libatomic_ops-7.6.2-3.el8.x86_64 1570924675 76822 2f9775cab0869d15eae784e4a5bd0490 installed
DEBUG util.py:461:  libipt-1.6.1-8.el8.x86_64 1576743441 166831 08cc83f1cc50881f2dcbd07fad80d4b3 installed
DEBUG util.py:461:  cpio-2.12-11.el8.x86_64 1650302345 967857 3e86a6421c21ed57740c1427641bfc5a installed
DEBUG util.py:461:  libnghttp2-1.33.0-6.el8_10.2.x86_64 1776050936 168252 dda6f5aa9d3f01afdb6e56fe0d877238 installed
DEBUG util.py:461:  man-db-2.7.6.1-18.el8.x86_64 1633698504 2039395 19a09353b1a78e410565ec226f022679 installed
DEBUG util.py:461:  pkgconf-1.4.2-1.el8.x86_64 1570949856 63271 3f0934453eb924c03671e17e76e39328 installed
DEBUG util.py:461:  libxcrypt-devel-4.1.1-6.el8.x86_64 1633752252 24771 c5bd447e1afd686f7a3a35a8070763be installed
DEBUG util.py:461:  gcc-8.5.0-28.el8_10.alma.1.x86_64 1756209600 61717609 b277da7bcda3ebb5948b6ef897aa338d installed
DEBUG util.py:461:  gcc-plugin-annobin-8.5.0-28.el8_10.alma.1.x86_64 1756209600 49392 b7e43102e7f244b662b7b39f3292851e installed
DEBUG util.py:461:  zlib-devel-1.2.11-25.el8.x86_64 1697061746 141078 2a08372bb8fc5e0eeb8d7d57577c9450 installed
DEBUG util.py:461:  libsigsegv-2.11-5.el8.x86_64 1570817728 47034 ce9314e72ec56917b8d8d46988087151 installed
DEBUG util.py:461:  libtool-ltdl-2.4.6-25.el8.x86_64 1570806649 71434 dafca00daee0519f6e27e464b5319ea1 installed
DEBUG util.py:461:  libverto-0.3.2-2.el8.x86_64 1665215383 26797 7e7e462de5e0a580ab576a068855c773 installed
DEBUG util.py:461:  libtirpc-1.1.4-12.el8_10.x86_64 1719951959 228758 bacc461d3695302fc98556ce061322d8 installed
DEBUG util.py:461:  platform-python-setuptools-39.2.0-9.el8_10.noarch 1752570848 2916767 d6c18f389f26d5e2223cf19ac86cc1d6 installed
DEBUG util.py:461:  python3-libs-3.6.8-76.el8_10.alma.1.x86_64 1777358223 32635074 3e6e61460a92dc553f930c9a8dae996a installed
DEBUG util.py:461:  pam-1.3.1-39.el8_10.x86_64 1765997654 2654551 ec39f728a4ead7102f95ae73b0e4bdf1 installed
DEBUG util.py:461:  python3-dbus-1.2.4-15.el8.x86_64 1573751307 489189 98dddb38fba5f1df5ed3b13a79c1dc1f installed
DEBUG util.py:461:  device-mapper-libs-8:1.02.181-15.el8_10.3.x86_64 1769153477 415671 8f19d36364fe6f94ef9d8a4d8859cefc installed
DEBUG util.py:461:  elfutils-default-yama-scope-0.190-2.el8.alma.1.noarch 1756126725 1810 427c6ad82bbb15413b089ed68c65691f installed
DEBUG util.py:461:  dbus-common-1:1.12.8-28.el8_10.noarch 1777978570 11044 1b587ad963e3c41470252e678076f7f6 installed
DEBUG util.py:461:  systemd-pam-239-82.el8_10.16.x86_64 1776942813 944560 9579a5ac42472f888d9032294a09a4d3 installed
DEBUG util.py:461:  dbus-1:1.12.8-28.el8_10.x86_64 1777980278 0 f5d4c7e7180b99588fbabbdb807d6f3f installed
DEBUG util.py:461:  libbabeltrace-1.5.4-4.el8.x86_64 1665410259 546491 fbd1ec26dfe435dbf90d14d04f75ec69 installed
DEBUG util.py:461:  openssh-clients-8.0p1-29.el8_10.x86_64 1777926332 2574043 4445bf220ebabbe04d11481638763208 installed
DEBUG util.py:461:  python3-systemd-234-8.el8.x86_64 1573751731 253633 5287a38c449962d228187afe79f630e7 installed
DEBUG util.py:461:  python3-six-1.11.0-8.el8.noarch 1573656322 100282 fad60b05f2935e3750f5634758555116 installed
DEBUG util.py:461:  cyrus-sasl-lib-2.1.27-6.el8_5.x86_64 1645647246 726138 f2989a460c851d69241bfd04c9016339 installed
DEBUG util.py:461:  libyaml-0.1.7-5.el8.x86_64 1570885845 136478 fc3fb92ec98a127144519063a744da21 installed
DEBUG util.py:461:  gnupg2-2.2.20-4.el8_10.x86_64 1768528180 9919099 672d4ea12755d606c2c22ce460e5cfd1 installed
DEBUG util.py:461:  python3-gpg-1.13.1-12.el8.x86_64 1712406607 1402082 ec6dc41216b22a2cd2a62f3ebde8ee92 installed
DEBUG util.py:461:  libssh-0.9.6-16.el8_10.x86_64 1764014221 521919 ca5aaf00f2111b6b1d15c6c372df4c06 installed
DEBUG util.py:461:  librepo-1.14.2-5.el8.x86_64 1711808590 217572 feea726f9899bea23a7c0b9c9ece910f installed
DEBUG util.py:461:  rpm-4.14.3-32.el8_10.x86_64 1734408670 2087838 7ae9ccb29dd07f2f18029b5a8301b35d installed
DEBUG util.py:461:  libmodulemd-2.13.0-1.el8.x86_64 1633743505 722313 256753dcde6ecbaa3b73dc7c10138984 installed
DEBUG util.py:461:  libdnf-0.63.0-21.el8_10.alma.1.x86_64 1738133998 2421878 acc7e7be9d400c6675e91133e23b8870 installed
DEBUG util.py:461:  python3-hawkey-0.63.0-21.el8_10.alma.1.x86_64 1738133998 300704 3737702e63633f9b8dc0d0a4f8e4a399 installed
DEBUG util.py:461:  python3-rpm-4.14.3-32.el8_10.x86_64 1734408670 398541 15e4004c8c5149a5a8bbd0aa9f9807f5 installed
DEBUG util.py:461:  efi-srpm-macros-1:3-3.el8.cloudlinux.noarch 1637706757 39220 889e8dafd92b2c5d58298a27e6f140cf installed
DEBUG util.py:461:  dnf-data-4.7.0-21.el8_10.alma.1.noarch 1741686524 38760 50064962068efe625c4ef18403a67cca installed
DEBUG util.py:461:  dnf-4.7.0-21.el8_10.alma.1.noarch 1741686524 2086199 f76370dc08345968c9446ab2a53add14 installed
DEBUG util.py:461:  dnf-plugins-core-4.0.21-25.el8.noarch 1712570571 22284 2059e06a684d398bc258b73a73f96450 installed
DEBUG util.py:461:  rust-srpm-macros-5-2.el8.noarch 1571041961 1131 8cc87310ab4b0faba792cdffc7baad06 installed
DEBUG util.py:461:  perl-srpm-macros-1-25.el8.noarch 1570976318 794 87f30b6034fad6ec13927d649c2a4594 installed
DEBUG util.py:461:  ocaml-srpm-macros-5-4.el8.noarch 1571041863 737 9af56789b86c0471c4cbfda1e12c1382 installed
DEBUG util.py:608:  Child return code was: 0
DEBUG util.py:634:  child environment: None
DEBUG backend.py:825:  Copying packages to result dir
DEBUG util.py:183:  kill orphans in chroot /srv/build-node/mock/085d950e3ee68860fb377cce1c22e8c40243da338f2fd4534e4765cbf1c696d9.0/root
DEBUG util.py:634:  child environment: None
DEBUG util.py:556:  Executing command: ['/bin/umount', '-n', '/srv/build-node/mock/085d950e3ee68860fb377cce1c22e8c40243da338f2fd4534e4765cbf1c696d9.0/root/etc/pki/kmod'] with env {'TERM': 'vt100', 'SHELL': '/bin/sh', 'HOME': '/builddir', 'HOSTNAME': 'mock', 'PATH': '/usr/bin:/bin:/usr/sbin:/sbin', 'LANG': 'C.UTF-8'} and shell False
DEBUG util.py:608:  Child return code was: 0
DEBUG util.py:634:  child environment: None
DEBUG util.py:556:  Executing command: ['/bin/umount', '-n', '/srv/build-node/mock/085d950e3ee68860fb377cce1c22e8c40243da338f2fd4534e4765cbf1c696d9.0/root/var/run/pesign'] with env {'TERM': 'vt100', 'SHELL': '/bin/sh', 'HOME': '/builddir', 'HOSTNAME': 'mock', 'PATH': '/usr/bin:/bin:/usr/sbin:/sbin', 'LANG': 'C.UTF-8'} and shell False
DEBUG util.py:608:  Child return code was: 0
DEBUG util.py:634:  child environment: None
DEBUG util.py:556:  Executing command: ['/bin/umount', '-n', '/srv/build-node/mock/085d950e3ee68860fb377cce1c22e8c40243da338f2fd4534e4765cbf1c696d9.0/root/usr/local/bin'] with env {'TERM': 'vt100', 'SHELL': '/bin/sh', 'HOME': '/builddir', 'HOSTNAME': 'mock', 'PATH': '/usr/bin:/bin:/usr/sbin:/sbin', 'LANG': 'C.UTF-8'} and shell False
DEBUG util.py:608:  Child return code was: 0
DEBUG util.py:634:  child environment: None
DEBUG util.py:556:  Executing command: ['/bin/umount', '-n', '/srv/build-node/mock/085d950e3ee68860fb377cce1c22e8c40243da338f2fd4534e4765cbf1c696d9.0/root/var/cache/dnf'] with env {'TERM': 'vt100', 'SHELL': '/bin/sh', 'HOME': '/builddir', 'HOSTNAME': 'mock', 'PATH': '/usr/bin:/bin:/usr/sbin:/sbin', 'LANG': 'C.UTF-8'} and shell False
DEBUG util.py:608:  Child return code was: 0
DEBUG util.py:634:  child environment: None
DEBUG util.py:556:  Executing command: ['/bin/umount', '-n', '/srv/build-node/mock/085d950e3ee68860fb377cce1c22e8c40243da338f2fd4534e4765cbf1c696d9.0/root/var/cache/yum'] with env {'TERM': 'vt100', 'SHELL': '/bin/sh', 'HOME': '/builddir', 'HOSTNAME': 'mock', 'PATH': '/usr/bin:/bin:/usr/sbin:/sbin', 'LANG': 'C.UTF-8'} and shell False
DEBUG util.py:608:  Child return code was: 0
DEBUG util.py:634:  child environment: None
DEBUG util.py:556:  Executing command: ['/bin/umount', '-n', '-l', '/srv/build-node/mock/085d950e3ee68860fb377cce1c22e8c40243da338f2fd4534e4765cbf1c696d9.0/root/sys/fs/selinux'] with env {'TERM': 'vt100', 'SHELL': '/bin/sh', 'HOME': '/builddir', 'HOSTNAME': 'mock', 'PATH': '/usr/bin:/bin:/usr/sbin:/sbin', 'LANG': 'C.UTF-8'} and shell False
DEBUG util.py:608:  Child return code was: 0
DEBUG util.py:634:  child environment: None
DEBUG util.py:556:  Executing command: ['/bin/umount', '-n', '/srv/build-node/mock/085d950e3ee68860fb377cce1c22e8c40243da338f2fd4534e4765cbf1c696d9.0/root/proc/filesystems'] with env {'TERM': 'vt100', 'SHELL': '/bin/sh', 'HOME': '/builddir', 'HOSTNAME': 'mock', 'PATH': '/usr/bin:/bin:/usr/sbin:/sbin', 'LANG': 'C.UTF-8'} and shell False
DEBUG util.py:608:  Child return code was: 0
DEBUG util.py:634:  child environment: None
DEBUG util.py:556:  Executing command: ['/bin/umount', '-n', '-l', '/srv/build-node/mock/085d950e3ee68860fb377cce1c22e8c40243da338f2fd4534e4765cbf1c696d9.0/root/dev/pts'] with env {'TERM': 'vt100', 'SHELL': '/bin/sh', 'HOME': '/builddir', 'HOSTNAME': 'mock', 'PATH': '/usr/bin:/bin:/usr/sbin:/sbin', 'LANG': 'C.UTF-8'} and shell False
DEBUG util.py:608:  Child return code was: 0
DEBUG util.py:634:  child environment: None
DEBUG util.py:556:  Executing command: ['/bin/umount', '-n', '-l', '/srv/build-node/mock/085d950e3ee68860fb377cce1c22e8c40243da338f2fd4534e4765cbf1c696d9.0/root/dev/shm'] with env {'TERM': 'vt100', 'SHELL': '/bin/sh', 'HOME': '/builddir', 'HOSTNAME': 'mock', 'PATH': '/usr/bin:/bin:/usr/sbin:/sbin', 'LANG': 'C.UTF-8'} and shell False
DEBUG util.py:608:  Child return code was: 0
DEBUG util.py:634:  child environment: None
DEBUG util.py:556:  Executing command: ['/bin/umount', '-n', '-l', '/srv/build-node/mock/085d950e3ee68860fb377cce1c22e8c40243da338f2fd4534e4765cbf1c696d9.0/root/sys'] with env {'TERM': 'vt100', 'SHELL': '/bin/sh', 'HOME': '/builddir', 'HOSTNAME': 'mock', 'PATH': '/usr/bin:/bin:/usr/sbin:/sbin', 'LANG': 'C.UTF-8'} and shell False
DEBUG util.py:608:  Child return code was: 0
DEBUG util.py:634:  child environment: None
DEBUG util.py:556:  Executing command: ['/bin/umount', '-n', '-l', '/srv/build-node/mock/085d950e3ee68860fb377cce1c22e8c40243da338f2fd4534e4765cbf1c696d9.0/root/sys'] with env {'TERM': 'vt100', 'SHELL': '/bin/sh', 'HOME': '/builddir', 'HOSTNAME': 'mock', 'PATH': '/usr/bin:/bin:/usr/sbin:/sbin', 'LANG': 'C.UTF-8'} and shell False
DEBUG util.py:608:  Child return code was: 0
DEBUG util.py:634:  child environment: None
DEBUG util.py:556:  Executing command: ['/bin/umount', '-n', '-l', '/srv/build-node/mock/085d950e3ee68860fb377cce1c22e8c40243da338f2fd4534e4765cbf1c696d9.0/root/proc'] with env {'TERM': 'vt100', 'SHELL': '/bin/sh', 'HOME': '/builddir', 'HOSTNAME': 'mock', 'PATH': '/usr/bin:/bin:/usr/sbin:/sbin', 'LANG': 'C.UTF-8'} and shell False
DEBUG util.py:608:  Child return code was: 0
DEBUG util.py:634:  child environment: None
DEBUG util.py:556:  Executing command: ['/bin/umount', '-n', '-l', '/srv/build-node/mock/085d950e3ee68860fb377cce1c22e8c40243da338f2fd4534e4765cbf1c696d9.0/root/proc'] with env {'TERM': 'vt100', 'SHELL': '/bin/sh', 'HOME': '/builddir', 'HOSTNAME': 'mock', 'PATH': '/usr/bin:/bin:/usr/sbin:/sbin', 'LANG': 'C.UTF-8'} and shell False
DEBUG util.py:608:  Child return code was: 0
